{(1, 0): 986, (1, 1): 32, (1, 2): 15, (1, 3): 8, (1, 4): 26, (1, 5): 27, (1, 6): 1, (1, 7): 3, (2, 0): 5146, (2, 1): 212, (2, 2): 63, (2, 3): 103, (2, 4): 272, (2, 5): 230, (2, 6): 3, (2, 7): 2, (3, 0): 5038, (3, 1): 532, (3, 2): 204, (3, 3): 188, (3, 4): 429, (3, 5): 282, (3, 6): 0, (3, 7): 1, (4, 0): 3768, (4, 1): 536, (4, 2): 280, (4, 3): 247, (4, 4): 526, (4, 5): 282, (4, 6): 1, (4, 7): 0, (5, 0): 2168, (5, 1): 423, (5, 2): 205, (5, 3): 173, (5, 4): 303, (5, 5): 139, (5, 6): 1, (5, 7): 0, (6, 0): 805, (6, 1): 216, (6, 2): 94, (6, 3): 44, (6, 4): 113, (6, 5): 60, (6, 6): 5, (6, 7): 0, (7, 0): 151, (7, 1): 73, (7, 2): 31, (7, 3): 8, (7, 4): 17, (7, 5): 8, (7, 6): 1, (7, 7): 0, (8, 0): 23, (8, 1): 16, (8, 2): 7, (8, 3): 0, (8, 4): 2, (8, 5): 1, (8, 6): 0, (8, 7): 0, (9, 0): 20, (9, 1): 3, (9, 2): 0, (9, 3): 1, (9, 4): 3, (9, 5): 0, (9, 6): 0, (9, 7): 0}
{(1, 0): 1071, (1, 1): 239, (1, 2): 9, (1, 3): 0, (1, 4): 0, (2, 0): 5282, (2, 1): 1140, (2, 2): 28, (2, 3): 2, (2, 4): 1, (3, 0): 5598, (3, 1): 1195, (3, 2): 47, (3, 3): 7, (3, 4): 2, (4, 0): 4897, (4, 1): 838, (4, 2): 17, (4, 3): 3, (4, 4): 1, (5, 0): 3035, (5, 1): 498, (5, 2): 11, (5, 3): 0, (5, 4): 0, (6, 0): 1454, (6, 1): 159, (6, 2): 7, (6, 3): 0, (6, 4): 0, (7, 0): 357, (7, 1): 51, (7, 2): 1, (7, 3): 0, (7, 4): 0, (8, 0): 62, (8, 1): 5, (8, 2): 0, (8, 3): 0, (8, 4): 0, (9, 0): 25, (9, 1): 6, (9, 2): 0, (9, 3): 0, (9, 4): 0}
{(1, 0): 1, (1, 1): 355, (1, 2): 320, (1, 3): 323, (1, 4): 0, (1, 5): 1, (1, 6): 3, (1, 7): 28, (1, 8): 16, (1, 9): 103, (1, 10): 1, (1, 11): 2, (1, 12): 160, (1, 13): 0, (1, 14): 5, (1, 15): 1, (2, 0): 1120, (2, 1): 1952, (2, 2): 171, (2, 3): 2021, (2, 4): 41, (2, 5): 242, (2, 6): 275, (2, 7): 86, (2, 8): 66, (2, 9): 86, (2, 10): 137, (2, 11): 23, (2, 12): 151, (2, 13): 13, (2, 14): 61, (2, 15): 8, (3, 0): 1330, (3, 1): 1336, (3, 2): 184, (3, 3): 2346, (3, 4): 121, (3, 5): 287, (3, 6): 361, (3, 7): 96, (3, 8): 78, (3, 9): 70, (3, 10): 348, (3, 11): 30, (3, 12): 135, (3, 13): 72, (3, 14): 44, (3, 15): 11, (4, 0): 1085, (4, 1): 1171, (4, 2): 111, (4, 3): 1742, (4, 4): 169, (4, 5): 213, (4, 6): 277, (4, 7): 71, (4, 8): 99, (4, 9): 45, (4, 10): 500, (4, 11): 17, (4, 12): 96, (4, 13): 102, (4, 14): 50, (4, 15): 8, (5, 0): 513, (5, 1): 638, (5, 2): 93, (5, 3): 1225, (5, 4): 73, (5, 5): 97, (5, 6): 112, (5, 7): 62, (5, 8): 110, (5, 9): 39, (5, 10): 288, (5, 11): 37, (5, 12): 121, (5, 13): 82, (5, 14): 47, (5, 15): 7, (6, 0): 206, (6, 1): 264, (6, 2): 53, (6, 3): 562, (6, 4): 34, (6, 5): 28, (6, 6): 53, (6, 7): 47, (6, 8): 116, (6, 9): 17, (6, 10): 86, (6, 11): 18, (6, 12): 64, (6, 13): 39, (6, 14): 28, (6, 15): 5, (7, 0): 54, (7, 1): 65, (7, 2): 13, (7, 3): 129, (7, 4): 13, (7, 5): 4, (7, 6): 13, (7, 7): 16, (7, 8): 30, (7, 9): 2, (7, 10): 21, (7, 11): 6, (7, 12): 18, (7, 13): 13, (7, 14): 11, (7, 15): 1, (8, 0): 6, (8, 1): 8, (8, 2): 1, (8, 3): 26, (8, 4): 5, (8, 5): 1, (8, 6): 2, (8, 7): 0, (8, 8): 8, (8, 9): 0, (8, 10): 2, (8, 11): 2, (8, 12): 3, (8, 13): 1, (8, 14): 2, (8, 15): 0, (9, 0): 6, (9, 1): 6, (9, 2): 2, (9, 3): 11, (9, 4): 0, (9, 5): 1, (9, 6): 0, (9, 7): 1, (9, 8): 1, (9, 9): 0, (9, 10): 2, (9, 11): 0, (9, 12): 1, (9, 13): 0, (9, 14): 0, (9, 15): 0}
{(1, 0): 20, (1, 1): 6, (1, 2): 1284, (1, 3): 5, (1, 4): 1, (1, 5): 1, (1, 6): 2, (2, 0): 1480, (2, 1): 312, (2, 2): 4431, (2, 3): 150, (2, 4): 7, (2, 5): 67, (2, 6): 6, (3, 0): 3592, (3, 1): 1072, (3, 2): 1768, (3, 3): 278, (3, 4): 48, (3, 5): 85, (3, 6): 6, (4, 0): 3366, (4, 1): 1254, (4, 2): 678, (4, 3): 250, (4, 4): 111, (4, 5): 94, (4, 6): 3, (5, 0): 2238, (5, 1): 682, (5, 2): 254, (5, 3): 111, (5, 4): 213, (5, 5): 46, (5, 6): 0, (6, 0): 1032, (6, 1): 213, (6, 2): 77, (6, 3): 26, (6, 4): 257, (6, 5): 15, (6, 6): 0, (7, 0): 221, (7, 1): 32, (7, 2): 24, (7, 3): 3, (7, 4): 122, (7, 5): 7, (7, 6): 0, (8, 0): 29, (8, 1): 4, (8, 2): 4, (8, 3): 0, (8, 4): 29, (8, 5): 1, (8, 6): 0, (9, 0): 13, (9, 1): 1, (9, 2): 12, (9, 3): 2, (9, 4): 3, (9, 5): 0, (9, 6): 0}
{(1, 0): 10, (1, 1): 55, (1, 2): 354, (1, 3): 250, (1, 4): 15, (1, 5): 33, (1, 6): 119, (1, 7): 38, (1, 8): 143, (1, 9): 35, (1, 10): 22, (1, 11): 13, (1, 12): 8, (1, 13): 0, (2, 0): 227, (2, 1): 680, (2, 2): 777, (2, 3): 786, (2, 4): 500, (2, 5): 652, (2, 6): 437, (2, 7): 438, (2, 8): 933, (2, 9): 167, (2, 10): 274, (2, 11): 30, (2, 12): 124, (2, 13): 4, (3, 0): 217, (3, 1): 1072, (3, 2): 608, (3, 3): 721, (3, 4): 932, (3, 5): 928, (3, 6): 268, (3, 7): 455, (3, 8): 748, (3, 9): 199, (3, 10): 357, (3, 11): 13, (3, 12): 154, (3, 13): 1, (4, 0): 162, (4, 1): 774, (4, 2): 418, (4, 3): 569, (4, 4): 970, (4, 5): 975, (4, 6): 153, (4, 7): 374, (4, 8): 643, (4, 9): 152, (4, 10): 318, (4, 11): 21, (4, 12): 110, (4, 13): 1, (5, 0): 96, (5, 1): 497, (5, 2): 276, (5, 3): 399, (5, 4): 595, (5, 5): 480, (5, 6): 66, (5, 7): 215, (5, 8): 360, (5, 9): 130, (5, 10): 218, (5, 11): 16, (5, 12): 64, (5, 13): 0, (6, 0): 25, (6, 1): 141, (6, 2): 146, (6, 3): 178, (6, 4): 204, (6, 5): 180, (6, 6): 33, (6, 7): 59, (6, 8): 148, (6, 9): 82, (6, 10): 95, (6, 11): 16, (6, 12): 30, (6, 13): 0, (7, 0): 4, (7, 1): 16, (7, 2): 42, (7, 3): 46, (7, 4): 45, (7, 5): 41, (7, 6): 5, (7, 7): 9, (7, 8): 30, (7, 9): 23, (7, 10): 9, (7, 11): 7, (7, 12): 12, (7, 13): 0, (8, 0): 0, (8, 1): 2, (8, 2): 6, (8, 3): 8, (8, 4): 11, (8, 5): 9, (8, 6): 1, (8, 7): 0, (8, 8): 4, (8, 9): 6, (8, 10): 1, (8, 11): 0, (8, 12): 1, (8, 13): 0, (9, 0): 0, (9, 1): 3, (9, 2): 6, (9, 3): 2, (9, 4): 5, (9, 5): 3, (9, 6): 1, (9, 7): 2, (9, 8): 4, (9, 9): 1, (9, 10): 0, (9, 11): 0, (9, 12): 0, (9, 13): 0}
{(1, 0): 8, (1, 1): 1062, (1, 2): 6, (1, 3): 133, (1, 4): 86, (1, 5): 24, (2, 0): 244, (2, 1): 2186, (2, 2): 1159, (2, 3): 2027, (2, 4): 339, (2, 5): 498, (3, 0): 422, (3, 1): 512, (3, 2): 3127, (3, 3): 1777, (3, 4): 140, (3, 5): 871, (4, 0): 356, (4, 1): 202, (4, 2): 2987, (4, 3): 1298, (4, 4): 97, (4, 5): 816, (5, 0): 172, (5, 1): 61, (5, 2): 2047, (5, 3): 801, (5, 4): 81, (5, 5): 382, (6, 0): 63, (6, 1): 6, (6, 2): 967, (6, 3): 432, (6, 4): 34, (6, 5): 118, (7, 0): 5, (7, 1): 1, (7, 2): 215, (7, 3): 137, (7, 4): 13, (7, 5): 38, (8, 0): 1, (8, 1): 0, (8, 2): 28, (8, 3): 30, (8, 4): 1, (8, 5): 7, (9, 0): 1, (9, 1): 6, (9, 2): 12, (9, 3): 9, (9, 4): 1, (9, 5): 2}
{(1, 0): 1165, (1, 1): 26, (1, 2): 9, (1, 3): 16, (1, 4): 103, (2, 0): 5419, (2, 1): 234, (2, 2): 65, (2, 3): 90, (2, 4): 645, (3, 0): 5774, (3, 1): 257, (3, 2): 68, (3, 3): 51, (3, 4): 699, (4, 0): 4902, (4, 1): 183, (4, 2): 58, (4, 3): 38, (4, 4): 575, (5, 0): 3078, (5, 1): 96, (5, 2): 28, (5, 3): 19, (5, 4): 323, (6, 0): 1453, (6, 1): 34, (6, 2): 11, (6, 3): 4, (6, 4): 118, (7, 0): 372, (7, 1): 12, (7, 2): 2, (7, 3): 2, (7, 4): 21, (8, 0): 64, (8, 1): 0, (8, 2): 2, (8, 3): 0, (8, 4): 1, (9, 0): 24, (9, 1): 5, (9, 2): 0, (9, 3): 0, (9, 4): 2}
{(1, 0): 651, (1, 1): 668, (2, 0): 2529, (2, 1): 3924, (3, 0): 2030, (3, 1): 4819, (4, 0): 1754, (4, 1): 4002, (5, 0): 985, (5, 1): 2559, (6, 0): 481, (6, 1): 1139, (7, 0): 139, (7, 1): 270, (8, 0): 19, (8, 1): 48, (9, 0): 12, (9, 1): 19}
{(1, 0): 1316, (1, 1): 1, (1, 2): 0, (1, 3): 0, (1, 4): 2, (2, 0): 6414, (2, 1): 27, (2, 2): 0, (2, 3): 3, (2, 4): 2, (3, 0): 6695, (3, 1): 117, (3, 2): 0, (3, 3): 12, (3, 4): 0, (4, 0): 5538, (4, 1): 160, (4, 2): 0, (4, 3): 12, (4, 4): 0, (5, 0): 3385, (5, 1): 112, (5, 2): 0, (5, 3): 11, (5, 4): 1, (6, 0): 1536, (6, 1): 49, (6, 2): 21, (6, 3): 1, (6, 4): 1, (7, 0): 386, (7, 1): 10, (7, 2): 8, (7, 3): 2, (7, 4): 0, (8, 0): 65, (8, 1): 1, (8, 2): 1, (8, 3): 0, (8, 4): 0, (9, 0): 28, (9, 1): 2, (9, 2): 1, (9, 3): 0, (9, 4): 0}
{(1, 0): 1287, (1, 1): 18, (1, 2): 14, (1, 3): 0, (1, 4): 0, (2, 0): 6286, (2, 1): 57, (2, 2): 106, (2, 3): 4, (2, 4): 0, (3, 0): 6505, (3, 1): 89, (3, 2): 247, (3, 3): 6, (3, 4): 2, (4, 0): 5414, (4, 1): 76, (4, 2): 259, (4, 3): 6, (4, 4): 1, (5, 0): 3332, (5, 1): 39, (5, 2): 164, (5, 3): 8, (5, 4): 1, (6, 0): 1546, (6, 1): 17, (6, 2): 52, (6, 3): 3, (6, 4): 2, (7, 0): 386, (7, 1): 3, (7, 2): 19, (7, 3): 0, (7, 4): 1, (8, 0): 62, (8, 1): 1, (8, 2): 3, (8, 3): 0, (8, 4): 1, (9, 0): 29, (9, 1): 0, (9, 2): 1, (9, 3): 0, (9, 4): 1}
{(1, 0): 345, (1, 1): 639, (1, 2): 315, (1, 3): 17, (1, 4): 3, (2, 0): 340, (2, 1): 1545, (2, 2): 4249, (2, 3): 266, (2, 4): 53, (3, 0): 131, (3, 1): 884, (3, 2): 5137, (3, 3): 613, (3, 4): 84, (4, 0): 102, (4, 1): 760, (4, 2): 4297, (4, 3): 525, (4, 4): 72, (5, 0): 85, (5, 1): 488, (5, 2): 2641, (5, 3): 292, (5, 4): 38, (6, 0): 204, (6, 1): 398, (6, 2): 919, (6, 3): 81, (6, 4): 18, (7, 0): 140, (7, 1): 147, (7, 2): 108, (7, 3): 11, (7, 4): 3, (8, 0): 24, (8, 1): 30, (8, 2): 11, (8, 3): 2, (8, 4): 0, (9, 0): 5, (9, 1): 8, (9, 2): 17, (9, 3): 1, (9, 4): 0}
{(1, 0): 1233, (1, 1): 0, (1, 2): 3, (1, 3): 4, (1, 4): 4, (1, 5): 1, (1, 6): 0, (1, 7): 2, (1, 8): 2, (1, 9): 0, (1, 10): 3, (1, 11): 0, (1, 12): 0, (1, 13): 0, (1, 14): 2, (1, 15): 4, (1, 16): 1, (1, 17): 1, (1, 18): 1, (1, 19): 2, (1, 20): 20, (1, 21): 1, (1, 22): 0, (1, 23): 0, (1, 24): 1, (1, 25): 2, (1, 26): 0, (1, 27): 0, (1, 28): 1, (1, 29): 1, (1, 30): 0, (1, 31): 3, (1, 32): 2, (1, 33): 1, (1, 34): 2, (1, 35): 0, (1, 36): 6, (1, 37): 1, (1, 38): 2, (1, 39): 1, (1, 40): 0, (1, 41): 0, (2, 0): 5698, (2, 1): 3, (2, 2): 9, (2, 3): 18, (2, 4): 24, (2, 5): 28, (2, 6): 6, (2, 7): 23, (2, 8): 9, (2, 9): 5, (2, 10): 19, (2, 11): 6, (2, 12): 7, (2, 13): 4, (2, 14): 2, (2, 15): 42, (2, 16): 6, (2, 17): 8, (2, 18): 24, (2, 19): 19, (2, 20): 203, (2, 21): 8, (2, 22): 3, (2, 23): 4, (2, 24): 22, (2, 25): 5, (2, 26): 11, (2, 27): 17, (2, 28): 7, (2, 29): 15, (2, 30): 2, (2, 31): 27, (2, 32): 9, (2, 33): 2, (2, 34): 3, (2, 35): 4, (2, 36): 32, (2, 37): 1, (2, 38): 7, (2, 39): 7, (2, 40): 0, (2, 41): 0, (3, 0): 6078, (3, 1): 6, (3, 2): 19, (3, 3): 21, (3, 4): 21, (3, 5): 35, (3, 6): 1, (3, 7): 24, (3, 8): 20, (3, 9): 2, (3, 10): 16, (3, 11): 19, (3, 12): 23, (3, 13): 14, (3, 14): 3, (3, 15): 49, (3, 16): 12, (3, 17): 11, (3, 18): 14, (3, 19): 16, (3, 20): 156, (3, 21): 9, (3, 22): 7, (3, 23): 8, (3, 24): 8, (3, 25): 3, (3, 26): 2, (3, 27): 14, (3, 28): 8, (3, 29): 12, (3, 30): 1, (3, 31): 11, (3, 32): 8, (3, 33): 1, (3, 34): 4, (3, 35): 4, (3, 36): 19, (3, 37): 5, (3, 38): 5, (3, 39): 8, (3, 40): 0, (3, 41): 0, (4, 0): 5174, (4, 1): 4, (4, 2): 21, (4, 3): 31, (4, 4): 17, (4, 5): 23, (4, 6): 4, (4, 7): 21, (4, 8): 15, (4, 9): 5, (4, 10): 14, (4, 11): 14, (4, 12): 17, (4, 13): 6, (4, 14): 3, (4, 15): 34, (4, 16): 15, (4, 17): 11, (4, 18): 10, (4, 19): 12, (4, 20): 80, (4, 21): 6, (4, 22): 4, (4, 23): 4, (4, 24): 15, (4, 25): 1, (4, 26): 4, (4, 27): 9, (4, 28): 5, (4, 29): 11, (4, 30): 1, (4, 31): 9, (4, 32): 4, (4, 33): 2, (4, 34): 5, (4, 35): 4, (4, 36): 12, (4, 37): 5, (4, 38): 11, (4, 39): 1, (4, 40): 0, (4, 41): 0, (5, 0): 3193, (5, 1): 0, (5, 2): 11, (5, 3): 15, (5, 4): 19, (5, 5): 16, (5, 6): 2, (5, 7): 12, (5, 8): 4, (5, 9): 11, (5, 10): 11, (5, 11): 9, (5, 12): 19, (5, 13): 1, (5, 14): 1, (5, 15): 23, (5, 16): 16, (5, 17): 8, (5, 18): 10, (5, 19): 4, (5, 20): 42, (5, 21): 5, (5, 22): 3, (5, 23): 3, (5, 24): 9, (5, 25): 2, (5, 26): 0, (5, 27): 2, (5, 28): 8, (5, 29): 7, (5, 30): 3, (5, 31): 4, (5, 32): 1, (5, 33): 2, (5, 34): 0, (5, 35): 2, (5, 36): 7, (5, 37): 3, (5, 38): 0, (5, 39): 0, (5, 40): 0, (5, 41): 0, (6, 0): 1491, (6, 1): 0, (6, 2): 5, (6, 3): 4, (6, 4): 10, (6, 5): 8, (6, 6): 1, (6, 7): 2, (6, 8): 1, (6, 9): 2, (6, 10): 4, (6, 11): 5, (6, 12): 7, (6, 13): 1, (6, 14): 0, (6, 15): 10, (6, 16): 8, (6, 17): 3, (6, 18): 0, (6, 19): 1, (6, 20): 11, (6, 21): 1, (6, 22): 1, (6, 23): 1, (6, 24): 2, (6, 25): 0, (6, 26): 0, (6, 27): 1, (6, 28): 1, (6, 29): 4, (6, 30): 2, (6, 31): 1, (6, 32): 0, (6, 33): 1, (6, 34): 0, (6, 35): 1, (6, 36): 2, (6, 37): 1, (6, 38): 1, (6, 39): 0, (6, 40): 0, (6, 41): 0, (7, 0): 379, (7, 1): 0, (7, 2): 0, (7, 3): 1, (7, 4): 5, (7, 5): 2, (7, 6): 0, (7, 7): 0, (7, 8): 0, (7, 9): 0, (7, 10): 1, (7, 11): 2, (7, 12): 4, (7, 13): 0, (7, 14): 0, (7, 15): 1, (7, 16): 1, (7, 17): 1, (7, 18): 0, (7, 19): 3, (7, 20): 0, (7, 21): 2, (7, 22): 0, (7, 23): 0, (7, 24): 1, (7, 25): 0, (7, 26): 0, (7, 27): 0, (7, 28): 0, (7, 29): 0, (7, 30): 0, (7, 31): 0, (7, 32): 0, (7, 33): 0, (7, 34): 0, (7, 35): 0, (7, 36): 1, (7, 37): 0, (7, 38): 0, (7, 39): 0, (7, 40): 0, (7, 41): 0, (8, 0): 60, (8, 1): 0, (8, 2): 0, (8, 3): 0, (8, 4): 1, (8, 5): 0, (8, 6): 0, (8, 7): 0, (8, 8): 0, (8, 9): 0, (8, 10): 0, (8, 11): 0, (8, 12): 1, (8, 13): 0, (8, 14): 0, (8, 15): 0, (8, 16): 0, (8, 17): 1, (8, 18): 0, (8, 19): 0, (8, 20): 1, (8, 21): 0, (8, 22): 0, (8, 23): 0, (8, 24): 0, (8, 25): 0, (8, 26): 0, (8, 27): 0, (8, 28): 0, (8, 29): 0, (8, 30): 1, (8, 31): 0, (8, 32): 0, (8, 33): 0, (8, 34): 0, (8, 35): 0, (8, 36): 0, (8, 37): 0, (8, 38): 0, (8, 39): 0, (8, 40): 0, (8, 41): 0, (9, 0): 25, (9, 1): 0, (9, 2): 1, (9, 3): 1, (9, 4): 0, (9, 5): 0, (9, 6): 0, (9, 7): 0, (9, 8): 0, (9, 9): 0, (9, 10): 1, (9, 11): 0, (9, 12): 0, (9, 13): 0, (9, 14): 0, (9, 15): 1, (9, 16): 0, (9, 17): 0, (9, 18): 0, (9, 19): 0, (9, 20): 0, (9, 21): 0, (9, 22): 0, (9, 23): 0, (9, 24): 0, (9, 25): 0, (9, 26): 1, (9, 27): 0, (9, 28): 0, (9, 29): 0, (9, 30): 0, (9, 31): 0, (9, 32): 0, (9, 33): 0, (9, 34): 0, (9, 35): 0, (9, 36): 0, (9, 37): 0, (9, 38): 0, (9, 39): 0, (9, 40): 0, (9, 41): 0}
{(0, 0): 15110, (0, 1): 2886, (0, 2): 98, (0, 3): 7, (0, 4): 4, (1, 0): 1742, (1, 1): 297, (1, 2): 4, (1, 3): 0, (1, 4): 0, (2, 0): 784, (2, 1): 114, (2, 2): 0, (2, 3): 1, (2, 4): 0, (3, 0): 616, (3, 1): 152, (3, 2): 3, (3, 3): 1, (3, 4): 0, (4, 0): 1419, (4, 1): 267, (4, 2): 4, (4, 3): 1, (4, 4): 0, (5, 0): 850, (5, 1): 175, (5, 2): 3, (5, 3): 1, (5, 4): 0, (6, 0): 11, (6, 1): 1, (6, 2): 0, (6, 3): 0, (6, 4): 0, (7, 0): 5, (7, 1): 1, (7, 2): 0, (7, 3): 0, (7, 4): 0}
{(0, 0): 2844, (0, 1): 4045, (0, 2): 744, (0, 3): 6174, (0, 4): 195, (0, 5): 597, (0, 6): 810, (0, 7): 301, (0, 8): 345, (0, 9): 276, (0, 10): 735, (0, 11): 110, (0, 12): 555, (0, 13): 144, (0, 14): 197, (0, 15): 33, (1, 0): 327, (1, 1): 380, (1, 2): 52, (1, 3): 689, (1, 4): 108, (1, 5): 60, (1, 6): 85, (1, 7): 30, (1, 8): 76, (1, 9): 19, (1, 10): 98, (1, 11): 11, (1, 12): 53, (1, 13): 40, (1, 14): 15, (1, 15): 0, (2, 0): 223, (2, 1): 178, (2, 2): 14, (2, 3): 229, (2, 4): 60, (2, 5): 28, (2, 6): 29, (2, 7): 10, (2, 8): 14, (2, 9): 6, (2, 10): 61, (2, 11): 2, (2, 12): 16, (2, 13): 26, (2, 14): 3, (2, 15): 0, (3, 0): 176, (3, 1): 205, (3, 2): 6, (3, 3): 211, (3, 4): 25, (3, 5): 46, (3, 6): 29, (3, 7): 3, (3, 8): 2, (3, 9): 4, (3, 10): 48, (3, 11): 0, (3, 12): 6, (3, 13): 11, (3, 14): 0, (3, 15): 0, (4, 0): 382, (4, 1): 313, (4, 2): 29, (4, 3): 419, (4, 4): 27, (4, 5): 73, (4, 6): 68, (4, 7): 17, (4, 8): 22, (4, 9): 14, (4, 10): 270, (4, 11): 2, (4, 12): 24, (4, 13): 20, (4, 14): 8, (4, 15): 3, (5, 0): 218, (5, 1): 251, (5, 2): 11, (5, 3): 223, (5, 4): 26, (5, 5): 30, (5, 6): 32, (5, 7): 4, (5, 8): 8, (5, 9): 9, (5, 10): 134, (5, 11): 1, (5, 12): 9, (5, 13): 69, (5, 14): 3, (5, 15): 1, (6, 0): 0, (6, 1): 3, (6, 2): 0, (6, 3): 7, (6, 4): 0, (6, 5): 1, (6, 6): 0, (6, 7): 0, (6, 8): 1, (6, 9): 0, (6, 10): 0, (6, 11): 0, (6, 12): 0, (6, 13): 0, (6, 14): 0, (6, 15): 0, (7, 0): 0, (7, 1): 2, (7, 2): 0, (7, 3): 1, (7, 4): 0, (7, 5): 0, (7, 6): 0, (7, 7): 0, (7, 8): 1, (7, 9): 0, (7, 10): 0, (7, 11): 0, (7, 12): 2, (7, 13): 0, (7, 14): 0, (7, 15): 0}
{(0, 0): 7777, (0, 1): 2493, (0, 2): 6525, (0, 3): 609, (0, 4): 463, (0, 5): 228, (0, 6): 10, (1, 0): 1348, (1, 1): 234, (1, 2): 328, (1, 3): 43, (1, 4): 65, (1, 5): 23, (1, 6): 2, (2, 0): 672, (2, 1): 81, (2, 2): 104, (2, 3): 14, (2, 4): 23, (2, 5): 5, (2, 6): 0, (3, 0): 375, (3, 1): 141, (3, 2): 195, (3, 3): 20, (3, 4): 29, (3, 5): 9, (3, 6): 3, (4, 0): 825, (4, 1): 302, (4, 2): 426, (4, 3): 53, (4, 4): 69, (4, 5): 16, (4, 6): 0, (5, 0): 459, (5, 1): 171, (5, 2): 329, (5, 3): 35, (5, 4): 22, (5, 5): 12, (5, 6): 1, (6, 0): 7, (6, 1): 0, (6, 2): 3, (6, 3): 0, (6, 4): 1, (6, 5): 1, (6, 6): 0, (7, 0): 1, (7, 1): 1, (7, 2): 4, (7, 3): 0, (7, 4): 0, (7, 5): 0, (7, 6): 0}
{(0, 0): 577, (0, 1): 2514, (0, 2): 2188, (0, 3): 2391, (0, 4): 2180, (0, 5): 1839, (0, 6): 1004, (0, 7): 1512, (0, 8): 2255, (0, 9): 367, (0, 10): 1013, (0, 11): 116, (0, 12): 149, (0, 13): 0, (1, 0): 25, (1, 1): 424, (1, 2): 141, (1, 3): 307, (1, 4): 316, (1, 5): 306, (1, 6): 15, (1, 7): 30, (1, 8): 45, (1, 9): 333, (1, 10): 98, (1, 11): 0, (1, 12): 3, (1, 13): 0, (2, 0): 3, (2, 1): 87, (2, 2): 20, (2, 3): 234, (2, 4): 323, (2, 5): 120, (2, 6): 2, (2, 7): 13, (2, 8): 24, (2, 9): 45, (2, 10): 24, (2, 11): 0, (2, 12): 4, (2, 13): 0, (3, 0): 55, (3, 1): 51, (3, 2): 29, (3, 3): 13, (3, 4): 146, (3, 5): 142, (3, 6): 20, (3, 7): 13, (3, 8): 247, (3, 9): 8, (3, 10): 23, (3, 11): 0, (3, 12): 19, (3, 13): 6, (4, 0): 33, (4, 1): 119, (4, 2): 156, (4, 3): 6, (4, 4): 164, (4, 5): 563, (4, 6): 34, (4, 7): 10, (4, 8): 237, (4, 9): 23, (4, 10): 102, (4, 11): 0, (4, 12): 244, (4, 13): 0, (5, 0): 48, (5, 1): 44, (5, 2): 98, (5, 3): 8, (5, 4): 148, (5, 5): 331, (5, 6): 7, (5, 7): 11, (5, 8): 203, (5, 9): 14, (5, 10): 33, (5, 11): 0, (5, 12): 84, (5, 13): 0, (6, 0): 0, (6, 1): 1, (6, 2): 1, (6, 3): 0, (6, 4): 0, (6, 5): 0, (6, 6): 1, (6, 7): 1, (6, 8): 2, (6, 9): 5, (6, 10): 1, (6, 11): 0, (6, 12): 0, (6, 13): 0, (7, 0): 0, (7, 1): 0, (7, 2): 0, (7, 3): 0, (7, 4): 0, (7, 5): 0, (7, 6): 0, (7, 7): 0, (7, 8): 0, (7, 9): 0, (7, 10): 0, (7, 11): 0, (7, 12): 0, (7, 13): 0}
{(0, 0): 794, (0, 1): 3074, (0, 2): 6859, (0, 3): 4792, (0, 4): 622, (0, 5): 1964, (1, 0): 108, (1, 1): 125, (1, 2): 1229, (1, 3): 412, (1, 4): 40, (1, 5): 129, (2, 0): 42, (2, 1): 43, (2, 2): 627, (2, 3): 139, (2, 4): 8, (2, 5): 40, (3, 0): 32, (3, 1): 54, (3, 2): 343, (3, 3): 219, (3, 4): 17, (3, 5): 107, (4, 0): 127, (4, 1): 163, (4, 2): 689, (4, 3): 423, (4, 4): 35, (4, 5): 254, (5, 0): 55, (5, 1): 135, (5, 2): 397, (5, 3): 300, (5, 4): 18, (5, 5): 124, (6, 0): 3, (6, 1): 4, (6, 2): 3, (6, 3): 0, (6, 4): 0, (6, 5): 2, (7, 0): 1, (7, 1): 4, (7, 2): 0, (7, 3): 1, (7, 4): 0, (7, 5): 0}
{(0, 0): 15481, (0, 1): 578, (0, 2): 150, (0, 3): 169, (0, 4): 1727, (1, 0): 1884, (1, 1): 62, (1, 2): 20, (1, 3): 7, (1, 4): 70, (2, 0): 838, (2, 1): 40, (2, 2): 1, (2, 3): 4, (2, 4): 16, (3, 0): 576, (3, 1): 37, (3, 2): 16, (3, 3): 7, (3, 4): 136, (4, 0): 1396, (4, 1): 29, (4, 2): 27, (4, 3): 10, (4, 4): 229, (5, 0): 840, (5, 1): 44, (5, 2): 9, (5, 3): 4, (5, 4): 132, (6, 0): 11, (6, 1): 0, (6, 2): 0, (6, 3): 0, (6, 4): 1, (7, 0): 4, (7, 1): 0, (7, 2): 0, (7, 3): 0, (7, 4): 2}
{(0, 0): 6148, (0, 1): 11957, (1, 0): 331, (1, 1): 1712, (2, 0): 111, (2, 1): 788, (3, 0): 257, (3, 1): 515, (4, 0): 686, (4, 1): 1005, (5, 0): 385, (5, 1): 644, (6, 0): 5, (6, 1): 7, (7, 0): 1, (7, 1): 5}
{(0, 0): 17703, (0, 1): 304, (0, 2): 11, (0, 3): 24, (0, 4): 2, (1, 0): 1963, (1, 1): 39, (1, 2): 7, (1, 3): 6, (1, 4): 2, (2, 0): 801, (2, 1): 55, (2, 2): 8, (2, 3): 6, (2, 4): 0, (3, 0): 753, (3, 1): 17, (3, 2): 1, (3, 3): 0, (3, 4): 0, (4, 0): 1658, (4, 1): 26, (4, 2): 1, (4, 3): 0, (4, 4): 0, (5, 0): 1004, (5, 1): 21, (5, 2): 0, (5, 3): 3, (5, 4): 0, (6, 0): 12, (6, 1): 0, (6, 2): 0, (6, 3): 0, (6, 4): 0, (7, 0): 6, (7, 1): 0, (7, 2): 0, (7, 3): 0, (7, 4): 0}
{(0, 0): 17330, (0, 1): 205, (0, 2): 544, (0, 3): 21, (0, 4): 5, (1, 0): 1919, (1, 1): 25, (1, 2): 96, (1, 3): 3, (1, 4): 0, (2, 0): 831, (2, 1): 7, (2, 2): 59, (2, 3): 2, (2, 4): 0, (3, 0): 734, (3, 1): 8, (3, 2): 29, (3, 3): 0, (3, 4): 1, (4, 0): 1587, (4, 1): 27, (4, 2): 77, (4, 3): 0, (4, 4): 0, (5, 0): 983, (5, 1): 12, (5, 2): 33, (5, 3): 0, (5, 4): 1, (6, 0): 12, (6, 1): 0, (6, 2): 0, (6, 3): 0, (6, 4): 0, (7, 0): 6, (7, 1): 0, (7, 2): 0, (7, 3): 0, (7, 4): 0}
{(0, 0): 813, (0, 1): 3352, (0, 2): 12813, (0, 3): 999, (0, 4): 128, (1, 0): 131, (1, 1): 376, (1, 2): 1104, (1, 3): 361, (1, 4): 71, (2, 0): 18, (2, 1): 93, (2, 2): 541, (2, 3): 214, (2, 4): 33, (3, 0): 17, (3, 1): 53, (3, 2): 658, (3, 3): 40, (3, 4): 4, (4, 0): 51, (4, 1): 290, (4, 2): 1236, (4, 3): 101, (4, 4): 13, (5, 0): 69, (5, 1): 232, (5, 2): 668, (5, 3): 53, (5, 4): 7, (6, 0): 2, (6, 1): 4, (6, 2): 5, (6, 3): 1, (6, 4): 0, (7, 0): 1, (7, 1): 2, (7, 2): 3, (7, 3): 0, (7, 4): 0}
{(0, 0): 16056, (0, 1): 12, (0, 2): 45, (0, 3): 72, (0, 4): 64, (0, 5): 76, (0, 6): 11, (0, 7): 59, (0, 8): 37, (0, 9): 15, (0, 10): 37, (0, 11): 35, (0, 12): 57, (0, 13): 13, (0, 14): 7, (0, 15): 127, (0, 16): 37, (0, 17): 38, (0, 18): 53, (0, 19): 44, (0, 20): 441, (0, 21): 23, (0, 22): 18, (0, 23): 15, (0, 24): 50, (0, 25): 11, (0, 26): 16, (0, 27): 22, (0, 28): 25, (0, 29): 37, (0, 30): 7, (0, 31): 51, (0, 32): 18, (0, 33): 6, (0, 34): 9, (0, 35): 12, (0, 36): 66, (0, 37): 11, (0, 38): 22, (0, 39): 13, (0, 40): 0, (0, 41): 0, (1, 0): 1857, (1, 1): 0, (1, 2): 8, (1, 3): 5, (1, 4): 10, (1, 5): 5, (1, 6): 1, (1, 7): 6, (1, 8): 5, (1, 9): 6, (1, 10): 17, (1, 11): 4, (1, 12): 6, (1, 13): 6, (1, 14): 1, (1, 15): 5, (1, 16): 10, (1, 17): 2, (1, 18): 2, (1, 19): 4, (1, 20): 22, (1, 21): 2, (1, 22): 0, (1, 23): 1, (1, 24): 2, (1, 25): 0, (1, 26): 1, (1, 27): 1, (1, 28): 0, (1, 29): 7, (1, 30): 2, (1, 31): 0, (1, 32): 2, (1, 33): 1, (1, 34): 3, (1, 35): 1, (1, 36): 3, (1, 37): 1, (1, 38): 2, (1, 39): 0, (1, 40): 0, (1, 41): 0, (2, 0): 796, (2, 1): 0, (2, 2): 2, (2, 3): 0, (2, 4): 6, (2, 5): 6, (2, 6): 0, (2, 7): 7, (2, 8): 2, (2, 9): 3, (2, 10): 5, (2, 11): 1, (2, 12): 7, (2, 13): 2, (2, 14): 1, (2, 15): 2, (2, 16): 3, (2, 17): 0, (2, 18): 1, (2, 19): 1, (2, 20): 7, (2, 21): 2, (2, 22): 0, (2, 23): 0, (2, 24): 2, (2, 25): 0, (2, 26): 0, (2, 27): 6, (2, 28): 1, (2, 29): 0, (2, 30): 1, (2, 31): 0, (2, 32): 0, (2, 33): 0, (2, 34): 1, (2, 35): 1, (2, 36): 0, (2, 37): 1, (2, 38): 0, (2, 39): 0, (2, 40): 0, (2, 41): 0, (3, 0): 709, (3, 1): 1, (3, 2): 4, (3, 3): 5, (3, 4): 2, (3, 5): 5, (3, 6): 0, (3, 7): 2, (3, 8): 3, (3, 9): 0, (3, 10): 1, (3, 11): 1, (3, 12): 2, (3, 13): 2, (3, 14): 0, (3, 15): 9, (3, 16): 0, (3, 17): 1, (3, 18): 0, (3, 19): 2, (3, 20): 0, (3, 21): 1, (3, 22): 0, (3, 23): 0, (3, 24): 0, (3, 25): 1, (3, 26): 0, (3, 27): 0, (3, 28): 0, (3, 29): 2, (3, 30): 0, (3, 31): 1, (3, 32): 1, (3, 33): 0, (3, 34): 0, (3, 35): 0, (3, 36): 2, (3, 37): 0, (3, 38): 0, (3, 39): 0, (3, 40): 0, (3, 41): 0, (4, 0): 1586, (4, 1): 0, (4, 2): 4, (4, 3): 7, (4, 4): 5, (4, 5): 7, (4, 6): 1, (4, 7): 1, (4, 8): 0, (4, 9): 1, (4, 10): 0, (4, 11): 1, (4, 12): 4, (4, 13): 2, (4, 14): 0, (4, 15): 10, (4, 16): 2, (4, 17): 1, (4, 18): 1, (4, 19): 3, (4, 20): 13, (4, 21): 1, (4, 22): 0, (4, 23): 3, (4, 24): 1, (4, 25): 0, (4, 26): 1, (4, 27): 1, (4, 28): 2, (4, 29): 0, (4, 30): 0, (4, 31): 2, (4, 32): 2, (4, 33): 0, (4, 34): 0, (4, 35): 1, (4, 36): 3, (4, 37): 1, (4, 38): 1, (4, 39): 1, (4, 40): 0, (4, 41): 0, (5, 0): 966, (5, 1): 0, (5, 2): 3, (5, 3): 1, (5, 4): 2, (5, 5): 5, (5, 6): 1, (5, 7): 9, (5, 8): 1, (5, 9): 0, (5, 10): 0, (5, 11): 7, (5, 12): 0, (5, 13): 0, (5, 14): 1, (5, 15): 2, (5, 16): 2, (5, 17): 0, (5, 18): 1, (5, 19): 0, (5, 20): 3, (5, 21): 0, (5, 22): 0, (5, 23): 1, (5, 24): 0, (5, 25): 0, (5, 26): 0, (5, 27): 5, (5, 28): 2, (5, 29): 1, (5, 30): 0, (5, 31): 0, (5, 32): 1, (5, 33): 1, (5, 34): 0, (5, 35): 0, (5, 36): 0, (5, 37): 1, (5, 38): 0, (5, 39): 2, (5, 40): 0, (5, 41): 0, (6, 0): 12, (6, 1): 0, (6, 2): 0, (6, 3): 0, (6, 4): 0, (6, 5): 0, (6, 6): 0, (6, 7): 0, (6, 8): 0, (6, 9): 0, (6, 10): 0, (6, 11): 0, (6, 12): 0, (6, 13): 0, (6, 14): 0, (6, 15): 0, (6, 16): 0, (6, 17): 0, (6, 18): 0, (6, 19): 0, (6, 20): 0, (6, 21): 0, (6, 22): 0, (6, 23): 0, (6, 24): 0, (6, 25): 0, (6, 26): 0, (6, 27): 0, (6, 28): 0, (6, 29): 0, (6, 30): 0, (6, 31): 0, (6, 32): 0, (6, 33): 0, (6, 34): 0, (6, 35): 0, (6, 36): 0, (6, 37): 0, (6, 38): 0, (6, 39): 0, (6, 40): 0, (6, 41): 0, (7, 0): 6, (7, 1): 0, (7, 2): 0, (7, 3): 0, (7, 4): 0, (7, 5): 0, (7, 6): 0, (7, 7): 0, (7, 8): 0, (7, 9): 0, (7, 10): 0, (7, 11): 0, (7, 12): 0, (7, 13): 0, (7, 14): 0, (7, 15): 0, (7, 16): 0, (7, 17): 0, (7, 18): 0, (7, 19): 0, (7, 20): 0, (7, 21): 0, (7, 22): 0, (7, 23): 0, (7, 24): 0, (7, 25): 0, (7, 26): 0, (7, 27): 0, (7, 28): 0, (7, 29): 0, (7, 30): 0, (7, 31): 0, (7, 32): 0, (7, 33): 0, (7, 34): 0, (7, 35): 0, (7, 36): 0, (7, 37): 0, (7, 38): 0, (7, 39): 0, (7, 40): 0, (7, 41): 0}
{(0, 0): 3643, (0, 1): 4804, (0, 2): 786, (0, 3): 7094, (0, 4): 380, (0, 5): 726, (0, 6): 932, (0, 7): 328, (0, 8): 434, (0, 9): 287, (0, 10): 1180, (0, 11): 93, (0, 12): 616, (0, 13): 269, (0, 14): 177, (0, 15): 32, (1, 0): 648, (1, 1): 966, (1, 2): 156, (1, 3): 1249, (1, 4): 76, (1, 5): 146, (1, 6): 161, (1, 7): 77, (1, 8): 87, (1, 9): 71, (1, 10): 195, (1, 11): 39, (1, 12): 128, (1, 13): 52, (1, 14): 71, (1, 15): 9, (2, 0): 26, (2, 1): 20, (2, 2): 6, (2, 3): 38, (2, 4): 0, (2, 5): 1, (2, 6): 2, (2, 7): 2, (2, 8): 3, (2, 9): 3, (2, 10): 10, (2, 11): 3, (2, 12): 5, (2, 13): 1, (2, 14): 0, (2, 15): 0, (3, 0): 3, (3, 1): 4, (3, 2): 0, (3, 3): 4, (3, 4): 0, (3, 5): 0, (3, 6): 0, (3, 7): 0, (3, 8): 0, (3, 9): 1, (3, 10): 0, (3, 11): 0, (3, 12): 0, (3, 13): 0, (3, 14): 0, (3, 15): 0, (4, 0): 1, (4, 1): 1, (4, 2): 0, (4, 3): 0, (4, 4): 0, (4, 5): 1, (4, 6): 1, (4, 7): 0, (4, 8): 0, (4, 9): 0, (4, 10): 0, (4, 11): 0, (4, 12): 0, (4, 13): 0, (4, 14): 0, (4, 15): 0}
{(0, 0): 10071, (0, 1): 3035, (0, 2): 7042, (0, 3): 654, (0, 4): 704, (0, 5): 263, (0, 6): 12, (1, 0): 1866, (1, 1): 524, (1, 2): 1440, (1, 3): 162, (1, 4): 83, (1, 5): 51, (1, 6): 5, (2, 0): 50, (2, 1): 12, (2, 2): 46, (2, 3): 6, (2, 4): 4, (2, 5): 2, (2, 6): 0, (3, 0): 3, (3, 1): 3, (3, 2): 4, (3, 3): 2, (3, 4): 0, (3, 5): 0, (3, 6): 0, (4, 0): 1, (4, 1): 2, (4, 2): 0, (4, 3): 1, (4, 4): 0, (4, 5): 0, (4, 6): 0}
{(0, 0): 615, (0, 1): 2689, (0, 2): 2214, (0, 3): 2489, (0, 4): 2775, (0, 5): 2774, (0, 6): 868, (0, 7): 1337, (0, 8): 2520, (0, 9): 672, (0, 10): 1074, (0, 11): 95, (0, 12): 406, (0, 13): 4, (1, 0): 121, (1, 1): 535, (1, 2): 405, (1, 3): 453, (1, 4): 489, (1, 5): 513, (1, 6): 205, (1, 7): 242, (1, 8): 479, (1, 9): 119, (1, 10): 214, (1, 11): 21, (1, 12): 94, (1, 13): 2, (2, 0): 4, (2, 1): 15, (2, 2): 9, (2, 3): 14, (2, 4): 11, (2, 5): 14, (2, 6): 10, (2, 7): 11, (2, 8): 12, (2, 9): 4, (2, 10): 5, (2, 11): 0, (2, 12): 3, (2, 13): 0, (3, 0): 1, (3, 1): 0, (3, 2): 4, (3, 3): 2, (3, 4): 1, (3, 5): 0, (3, 6): 0, (3, 7): 0, (3, 8): 2, (3, 9): 0, (3, 10): 1, (3, 11): 0, (3, 12): 0, (3, 13): 0, (4, 0): 0, (4, 1): 1, (4, 2): 1, (4, 3): 1, (4, 4): 1, (4, 5): 0, (4, 6): 0, (4, 7): 0, (4, 8): 0, (4, 9): 0, (4, 10): 0, (4, 11): 0, (4, 12): 0, (4, 13): 0}
{(0, 0): 1084, (0, 1): 3387, (0, 2): 8854, (0, 3): 5519, (0, 4): 631, (0, 5): 2306, (1, 0): 184, (1, 1): 628, (1, 2): 1645, (1, 3): 1087, (1, 4): 158, (1, 5): 429, (2, 0): 3, (2, 1): 20, (2, 2): 46, (2, 3): 32, (2, 4): 3, (2, 5): 16, (3, 0): 1, (3, 1): 1, (3, 2): 2, (3, 3): 4, (3, 4): 0, (3, 5): 4, (4, 0): 0, (4, 1): 0, (4, 2): 1, (4, 3): 2, (4, 4): 0, (4, 5): 1}
{(0, 0): 18777, (0, 1): 736, (0, 2): 226, (0, 3): 188, (0, 4): 1854, (1, 0): 3383, (1, 1): 111, (1, 2): 17, (1, 3): 32, (1, 4): 588, (2, 0): 81, (2, 1): 0, (2, 2): 0, (2, 3): 0, (2, 4): 39, (3, 0): 6, (3, 1): 0, (3, 2): 0, (3, 3): 0, (3, 4): 6, (4, 0): 4, (4, 1): 0, (4, 2): 0, (4, 3): 0, (4, 4): 0}
{(0, 0): 7354, (0, 1): 14427, (1, 0): 1200, (1, 1): 2931, (2, 0): 38, (2, 1): 82, (3, 0): 6, (3, 1): 6, (4, 0): 2, (4, 1): 2}
{(0, 0): 21220, (0, 1): 389, (0, 2): 29, (0, 3): 36, (0, 4): 3, (1, 0): 4011, (1, 1): 87, (1, 2): 2, (1, 3): 4, (1, 4): 3, (2, 0): 117, (2, 1): 2, (2, 2): 0, (2, 3): 1, (2, 4): 0, (3, 0): 11, (3, 1): 1, (3, 2): 0, (3, 3): 0, (3, 4): 0, (4, 0): 4, (4, 1): 0, (4, 2): 0, (4, 3): 0, (4, 4): 0}
{(0, 0): 20770, (0, 1): 253, (0, 2): 725, (0, 3): 25, (0, 4): 8, (1, 0): 3943, (1, 1): 46, (1, 2): 139, (1, 3): 2, (1, 4): 1, (2, 0): 118, (2, 1): 1, (2, 2): 1, (2, 3): 0, (2, 4): 0, (3, 0): 12, (3, 1): 0, (3, 2): 0, (3, 3): 0, (3, 4): 0, (4, 0): 4, (4, 1): 0, (4, 2): 0, (4, 3): 0, (4, 4): 0}
{(0, 0): 1173, (0, 1): 4127, (0, 2): 14729, (0, 3): 1523, (0, 4): 229, (1, 0): 199, (1, 1): 744, (1, 2): 2876, (1, 3): 270, (1, 4): 42, (2, 0): 3, (2, 1): 26, (2, 2): 77, (2, 3): 14, (2, 4): 0, (3, 0): 0, (3, 1): 1, (3, 2): 10, (3, 3): 1, (3, 4): 0, (4, 0): 1, (4, 1): 1, (4, 2): 2, (4, 3): 0, (4, 4): 0}
{(0, 0): 19626, (0, 1): 10, (0, 2): 58, (0, 3): 86, (0, 4): 89, (0, 5): 91, (0, 6): 13, (0, 7): 73, (0, 8): 39, (0, 9): 24, (0, 10): 62, (0, 11): 44, (0, 12): 63, (0, 13): 23, (0, 14): 6, (0, 15): 142, (0, 16): 55, (0, 17): 39, (0, 18): 52, (0, 19): 51, (0, 20): 287, (0, 21): 28, (0, 22): 18, (0, 23): 16, (0, 24): 51, (0, 25): 10, (0, 26): 17, (0, 27): 36, (0, 28): 26, (0, 29): 44, (0, 30): 10, (0, 31): 40, (0, 32): 13, (0, 33): 8, (0, 34): 11, (0, 35): 13, (0, 36): 62, (0, 37): 13, (0, 38): 17, (0, 39): 11, (0, 40): 0, (0, 41): 0, (1, 0): 3587, (1, 1): 3, (1, 2): 11, (1, 3): 9, (1, 4): 12, (1, 5): 21, (1, 6): 1, (1, 7): 11, (1, 8): 11, (1, 9): 1, (1, 10): 7, (1, 11): 11, (1, 12): 15, (1, 13): 3, (1, 14): 5, (1, 15): 22, (1, 16): 4, (1, 17): 5, (1, 18): 7, (1, 19): 6, (1, 20): 219, (1, 21): 4, (1, 22): 0, (1, 23): 4, (1, 24): 7, (1, 25): 3, (1, 26): 1, (1, 27): 7, (1, 28): 4, (1, 29): 4, (1, 30): 0, (1, 31): 14, (1, 32): 10, (1, 33): 1, (1, 34): 3, (1, 35): 2, (1, 36): 16, (1, 37): 2, (1, 38): 9, (1, 39): 6, (1, 40): 0, (1, 41): 0, (2, 0): 103, (2, 1): 0, (2, 2): 0, (2, 3): 0, (2, 4): 0, (2, 5): 1, (2, 6): 0, (2, 7): 0, (2, 8): 1, (2, 9): 0, (2, 10): 0, (2, 11): 0, (2, 12): 0, (2, 13): 0, (2, 14): 0, (2, 15): 0, (2, 16): 0, (2, 17): 0, (2, 18): 0, (2, 19): 0, (2, 20): 7, (2, 21): 0, (2, 22): 0, (2, 23): 0, (2, 24): 0, (2, 25): 0, (2, 26): 0, (2, 27): 0, (2, 28): 0, (2, 29): 1, (2, 30): 0, (2, 31): 1, (2, 32): 1, (2, 33): 0, (2, 34): 0, (2, 35): 0, (2, 36): 1, (2, 37): 1, (2, 38): 0, (2, 39): 0, (2, 40): 0, (2, 41): 0, (3, 0): 11, (3, 1): 0, (3, 2): 0, (3, 3): 0, (3, 4): 0, (3, 5): 0, (3, 6): 0, (3, 7): 0, (3, 8): 0, (3, 9): 0, (3, 10): 0, (3, 11): 0, (3, 12): 0, (3, 13): 0, (3, 14): 0, (3, 15): 0, (3, 16): 0, (3, 17): 0, (3, 18): 0, (3, 19): 0, (3, 20): 0, (3, 21): 0, (3, 22): 0, (3, 23): 0, (3, 24): 0, (3, 25): 0, (3, 26): 0, (3, 27): 0, (3, 28): 0, (3, 29): 1, (3, 30): 0, (3, 31): 0, (3, 32): 0, (3, 33): 0, (3, 34): 0, (3, 35): 0, (3, 36): 0, (3, 37): 0, (3, 38): 0, (3, 39): 0, (3, 40): 0, (3, 41): 0, (4, 0): 4, (4, 1): 0, (4, 2): 0, (4, 3): 0, (4, 4): 0, (4, 5): 0, (4, 6): 0, (4, 7): 0, (4, 8): 0, (4, 9): 0, (4, 10): 0, (4, 11): 0, (4, 12): 0, (4, 13): 0, (4, 14): 0, (4, 15): 0, (4, 16): 0, (4, 17): 0, (4, 18): 0, (4, 19): 0, (4, 20): 0, (4, 21): 0, (4, 22): 0, (4, 23): 0, (4, 24): 0, (4, 25): 0, (4, 26): 0, (4, 27): 0, (4, 28): 0, (4, 29): 0, (4, 30): 0, (4, 31): 0, (4, 32): 0, (4, 33): 0, (4, 34): 0, (4, 35): 0, (4, 36): 0, (4, 37): 0, (4, 38): 0, (4, 39): 0, (4, 40): 0, (4, 41): 0}
{(0, 0): 2222, (0, 1): 439, (0, 2): 1458, (0, 3): 77, (0, 4): 70, (0, 5): 52, (0, 6): 3, (1, 0): 2245, (1, 1): 850, (1, 2): 2322, (1, 3): 181, (1, 4): 139, (1, 5): 56, (1, 6): 2, (2, 0): 279, (2, 1): 112, (2, 2): 474, (2, 3): 36, (2, 4): 32, (2, 5): 15, (2, 6): 0, (3, 0): 3871, (3, 1): 1311, (3, 2): 2449, (3, 3): 319, (3, 4): 333, (3, 5): 93, (3, 6): 9, (4, 0): 318, (4, 1): 47, (4, 2): 79, (4, 3): 6, (4, 4): 3, (4, 5): 3, (4, 6): 0, (5, 0): 384, (5, 1): 160, (5, 2): 277, (5, 3): 28, (5, 4): 16, (5, 5): 7, (5, 6): 2, (6, 0): 554, (6, 1): 180, (6, 2): 283, (6, 3): 38, (6, 4): 30, (6, 5): 10, (6, 6): 1, (7, 0): 187, (7, 1): 45, (7, 2): 124, (7, 3): 26, (7, 4): 18, (7, 5): 7, (7, 6): 0, (8, 0): 293, (8, 1): 63, (8, 2): 91, (8, 3): 16, (8, 4): 48, (8, 5): 13, (8, 6): 0, (9, 0): 110, (9, 1): 34, (9, 2): 194, (9, 3): 14, (9, 4): 6, (9, 5): 4, (9, 6): 0, (10, 0): 815, (10, 1): 184, (10, 2): 317, (10, 3): 22, (10, 4): 34, (10, 5): 13, (10, 6): 0, (11, 0): 70, (11, 1): 9, (11, 2): 31, (11, 3): 5, (11, 4): 11, (11, 5): 9, (11, 6): 0, (12, 0): 281, (12, 1): 98, (12, 2): 291, (12, 3): 35, (12, 4): 33, (12, 5): 11, (12, 6): 0, (13, 0): 216, (13, 1): 28, (13, 2): 59, (13, 3): 7, (13, 4): 5, (13, 5): 7, (13, 6): 0, (14, 0): 131, (14, 1): 15, (14, 2): 64, (14, 3): 14, (14, 4): 11, (14, 5): 13, (14, 6): 0, (15, 0): 15, (15, 1): 1, (15, 2): 19, (15, 3): 1, (15, 4): 2, (15, 5): 3, (15, 6): 0}
{(0, 0): 186, (0, 1): 178, (0, 2): 151, (0, 3): 654, (0, 4): 1106, (0, 5): 1203, (0, 6): 43, (0, 7): 53, (0, 8): 389, (0, 9): 67, (0, 10): 53, (0, 11): 5, (0, 12): 81, (0, 13): 1, (1, 0): 221, (1, 1): 670, (1, 2): 619, (1, 3): 813, (1, 4): 707, (1, 5): 338, (1, 6): 220, (1, 7): 254, (1, 8): 1011, (1, 9): 135, (1, 10): 226, (1, 11): 14, (1, 12): 146, (1, 13): 1, (2, 0): 4, (2, 1): 132, (2, 2): 200, (2, 3): 118, (2, 4): 32, (2, 5): 16, (2, 6): 88, (2, 7): 86, (2, 8): 56, (2, 9): 33, (2, 10): 74, (2, 11): 11, (2, 12): 6, (2, 13): 0, (3, 0): 119, (3, 1): 1525, (3, 2): 1023, (3, 3): 858, (3, 4): 650, (3, 5): 196, (3, 6): 478, (3, 7): 802, (3, 8): 1098, (3, 9): 320, (3, 10): 664, (3, 11): 41, (3, 12): 175, (3, 13): 3, (4, 0): 5, (4, 1): 5, (4, 2): 3, (4, 3): 12, (4, 4): 41, (4, 5): 362, (4, 6): 0, (4, 7): 1, (4, 8): 7, (4, 9): 2, (4, 10): 3, (4, 11): 0, (4, 12): 0, (4, 13): 0, (5, 0): 59, (5, 1): 94, (5, 2): 61, (5, 3): 125, (5, 4): 115, (5, 5): 109, (5, 6): 22, (5, 7): 26, (5, 8): 162, (5, 9): 13, (5, 10): 22, (5, 11): 2, (5, 12): 25, (5, 13): 0, (6, 0): 105, (6, 1): 197, (6, 2): 88, (6, 3): 90, (6, 4): 115, (6, 5): 134, (6, 6): 24, (6, 7): 49, (6, 8): 142, (6, 9): 37, (6, 10): 34, (6, 11): 4, (6, 12): 34, (6, 13): 0, (7, 0): 2, (7, 1): 81, (7, 2): 79, (7, 3): 28, (7, 4): 7, (7, 5): 3, (7, 6): 34, (7, 7): 60, (7, 8): 9, (7, 9): 23, (7, 10): 29, (7, 11): 6, (7, 12): 4, (7, 13): 0, (8, 0): 4, (8, 1): 96, (8, 2): 85, (8, 3): 19, (8, 4): 15, (8, 5): 9, (8, 6): 36, (8, 7): 73, (8, 8): 10, (8, 9): 58, (8, 10): 52, (8, 11): 5, (8, 12): 6, (8, 13): 0, (9, 0): 3, (9, 1): 52, (9, 2): 67, (9, 3): 38, (9, 4): 10, (9, 5): 8, (9, 6): 34, (9, 7): 28, (9, 8): 31, (9, 9): 14, (9, 10): 33, (9, 11): 4, (9, 12): 6, (9, 13): 0, (10, 0): 26, (10, 1): 20, (10, 2): 16, (10, 3): 109, (10, 4): 416, (10, 5): 662, (10, 6): 3, (10, 7): 7, (10, 8): 58, (10, 9): 7, (10, 10): 7, (10, 11): 1, (10, 12): 13, (10, 13): 1, (11, 0): 0, (11, 1): 22, (11, 2): 30, (11, 3): 8, (11, 4): 3, (11, 5): 1, (11, 6): 13, (11, 7): 15, (11, 8): 0, (11, 9): 17, (11, 10): 8, (11, 11): 8, (11, 12): 1, (11, 13): 0, (12, 0): 3, (12, 1): 132, (12, 2): 150, (12, 3): 71, (12, 4): 19, (12, 5): 7, (12, 6): 54, (12, 7): 85, (12, 8): 30, (12, 9): 32, (12, 10): 70, (12, 11): 5, (12, 12): 5, (12, 13): 0, (13, 0): 3, (13, 1): 2, (13, 2): 1, (13, 3): 8, (13, 4): 40, (13, 5): 251, (13, 6): 0, (13, 7): 1, (13, 8): 3, (13, 9): 1, (13, 10): 0, (13, 11): 0, (13, 12): 0, (13, 13): 0, (14, 0): 1, (14, 1): 31, (14, 2): 47, (14, 3): 8, (14, 4): 1, (14, 5): 1, (14, 6): 32, (14, 7): 40, (14, 8): 6, (14, 9): 29, (14, 10): 19, (14, 11): 10, (14, 12): 1, (14, 13): 0, (15, 0): 0, (15, 1): 3, (15, 2): 13, (15, 3): 0, (15, 4): 0, (15, 5): 1, (15, 6): 2, (15, 7): 10, (15, 8): 1, (15, 9): 7, (15, 10): 0, (15, 11): 0, (15, 12): 0, (15, 13): 0}
{(0, 0): 240, (0, 1): 426, (0, 2): 1957, (0, 3): 1345, (0, 4): 75, (0, 5): 278, (1, 0): 257, (1, 1): 1367, (1, 2): 1962, (1, 3): 1428, (1, 4): 154, (1, 5): 627, (2, 0): 25, (2, 1): 345, (2, 2): 243, (2, 3): 177, (2, 4): 49, (2, 5): 109, (3, 0): 395, (3, 1): 1182, (3, 2): 3423, (3, 3): 2004, (3, 4): 308, (3, 5): 1073, (4, 0): 23, (4, 1): 12, (4, 2): 295, (4, 3): 101, (4, 4): 3, (4, 5): 22, (5, 0): 66, (5, 1): 108, (5, 2): 315, (5, 3): 270, (5, 4): 15, (5, 5): 100, (6, 0): 68, (6, 1): 118, (6, 2): 477, (6, 3): 279, (6, 4): 18, (6, 5): 136, (7, 0): 14, (7, 1): 62, (7, 2): 167, (7, 3): 90, (7, 4): 27, (7, 5): 47, (8, 0): 18, (8, 1): 39, (8, 2): 271, (8, 3): 112, (8, 4): 27, (8, 5): 57, (9, 0): 16, (9, 1): 129, (9, 2): 87, (9, 3): 77, (9, 4): 21, (9, 5): 32, (10, 0): 93, (10, 1): 40, (10, 2): 717, (10, 3): 406, (10, 4): 10, (10, 5): 119, (11, 0): 3, (11, 1): 7, (11, 2): 60, (11, 3): 37, (11, 4): 14, (11, 5): 14, (12, 0): 27, (12, 1): 182, (12, 2): 250, (12, 3): 169, (12, 4): 35, (12, 5): 86, (13, 0): 18, (13, 1): 3, (13, 2): 197, (13, 3): 81, (13, 4): 3, (13, 5): 20, (14, 0): 7, (14, 1): 11, (14, 2): 116, (14, 3): 51, (14, 4): 29, (14, 5): 34, (15, 0): 2, (15, 1): 5, (15, 2): 11, (15, 3): 17, (15, 4): 4, (15, 5): 2}
{(0, 0): 3755, (0, 1): 243, (0, 2): 20, (0, 3): 29, (0, 4): 274, (1, 0): 4956, (1, 1): 164, (1, 2): 58, (1, 3): 45, (1, 4): 572, (2, 0): 799, (2, 1): 17, (2, 2): 8, (2, 3): 9, (2, 4): 115, (3, 0): 7106, (3, 1): 184, (3, 2): 95, (3, 3): 60, (3, 4): 940, (4, 0): 408, (4, 1): 34, (4, 2): 2, (4, 3): 0, (4, 4): 12, (5, 0): 752, (5, 1): 25, (5, 2): 6, (5, 3): 5, (5, 4): 86, (6, 0): 956, (6, 1): 33, (6, 2): 13, (6, 3): 6, (6, 4): 88, (7, 0): 318, (7, 1): 6, (7, 2): 4, (7, 3): 6, (7, 4): 73, (8, 0): 450, (8, 1): 7, (8, 2): 6, (8, 3): 12, (8, 4): 49, (9, 0): 275, (9, 1): 7, (9, 2): 5, (9, 3): 12, (9, 4): 63, (10, 0): 1240, (10, 1): 68, (10, 2): 5, (10, 3): 6, (10, 4): 66, (11, 0): 109, (11, 1): 5, (11, 2): 2, (11, 3): 8, (11, 4): 11, (12, 0): 607, (12, 1): 12, (12, 2): 15, (12, 3): 8, (12, 4): 107, (13, 0): 287, (13, 1): 22, (13, 2): 3, (13, 3): 1, (13, 4): 9, (14, 0): 204, (14, 1): 15, (14, 2): 1, (14, 3): 11, (14, 4): 17, (15, 0): 29, (15, 1): 5, (15, 2): 0, (15, 3): 2, (15, 4): 5}
{(0, 0): 1290, (0, 1): 3031, (1, 0): 2225, (1, 1): 3570, (2, 0): 365, (2, 1): 583, (3, 0): 2719, (3, 1): 5666, (4, 0): 79, (4, 1): 377, (5, 0): 351, (5, 1): 523, (6, 0): 392, (6, 1): 704, (7, 0): 101, (7, 1): 306, (8, 0): 124, (8, 1): 400, (9, 0): 115, (9, 1): 247, (10, 0): 426, (10, 1): 959, (11, 0): 31, (11, 1): 104, (12, 0): 237, (12, 1): 512, (13, 0): 75, (13, 1): 247, (14, 0): 57, (14, 1): 191, (15, 0): 13, (15, 1): 28}
{(0, 0): 4098, (0, 1): 169, (0, 2): 6, (0, 3): 13, (0, 4): 0, (1, 0): 5719, (1, 1): 57, (1, 2): 6, (1, 3): 2, (1, 4): 1, (2, 0): 946, (2, 1): 2, (2, 2): 0, (2, 3): 0, (2, 4): 0, (3, 0): 8297, (3, 1): 64, (3, 2): 3, (3, 3): 3, (3, 4): 2, (4, 0): 365, (4, 1): 45, (4, 2): 2, (4, 3): 8, (4, 4): 0, (5, 0): 852, (5, 1): 19, (5, 2): 1, (5, 3): 1, (5, 4): 0, (6, 0): 1073, (6, 1): 20, (6, 2): 0, (6, 3): 2, (6, 4): 0, (7, 0): 406, (7, 1): 0, (7, 2): 0, (7, 3): 0, (7, 4): 0, (8, 0): 523, (8, 1): 1, (8, 2): 0, (8, 3): 0, (8, 4): 0, (9, 0): 359, (9, 1): 2, (9, 2): 1, (9, 3): 0, (9, 4): 0, (10, 0): 1271, (10, 1): 83, (10, 2): 5, (10, 3): 9, (10, 4): 1, (11, 0): 135, (11, 1): 0, (11, 2): 0, (11, 3): 0, (11, 4): 0, (12, 0): 743, (12, 1): 2, (12, 2): 1, (12, 3): 0, (12, 4): 1, (13, 0): 288, (13, 1): 15, (13, 2): 6, (13, 3): 3, (13, 4): 0, (14, 0): 248, (14, 1): 0, (14, 2): 0, (14, 3): 0, (14, 4): 0, (15, 0): 40, (15, 1): 0, (15, 2): 0, (15, 3): 0, (15, 4): 1}
{(0, 0): 4068, (0, 1): 51, (0, 2): 198, (0, 3): 4, (0, 4): 0, (1, 0): 5562, (1, 1): 72, (1, 2): 156, (1, 3): 3, (1, 4): 2, (2, 0): 931, (2, 1): 6, (2, 2): 9, (2, 3): 2, (2, 4): 0, (3, 0): 8064, (3, 1): 92, (3, 2): 221, (3, 3): 4, (3, 4): 4, (4, 0): 401, (4, 1): 5, (4, 2): 46, (4, 3): 4, (4, 4): 0, (5, 0): 825, (5, 1): 13, (5, 2): 35, (5, 3): 1, (5, 4): 0, (6, 0): 1050, (6, 1): 15, (6, 2): 30, (6, 3): 1, (6, 4): 0, (7, 0): 400, (7, 1): 2, (7, 2): 5, (7, 3): 0, (7, 4): 0, (8, 0): 504, (8, 1): 12, (8, 2): 7, (8, 3): 0, (8, 4): 1, (9, 0): 354, (9, 1): 4, (9, 2): 4, (9, 3): 0, (9, 4): 0, (10, 0): 1268, (10, 1): 13, (10, 2): 101, (10, 3): 3, (10, 4): 0, (11, 0): 131, (11, 1): 1, (11, 2): 2, (11, 3): 1, (11, 4): 0, (12, 0): 728, (12, 1): 8, (12, 2): 10, (12, 3): 2, (12, 4): 1, (13, 0): 280, (13, 1): 4, (13, 2): 35, (13, 3): 2, (13, 4): 1, (14, 0): 242, (14, 1): 1, (14, 2): 5, (14, 3): 0, (14, 4): 0, (15, 0): 39, (15, 1): 1, (15, 2): 1, (15, 3): 0, (15, 4): 0}
{(0, 0): 160, (0, 1): 571, (0, 2): 3170, (0, 3): 385, (0, 4): 35, (1, 0): 407, (1, 1): 1334, (1, 2): 3654, (1, 3): 348, (1, 4): 52, (2, 0): 156, (2, 1): 259, (2, 2): 487, (2, 3): 42, (2, 4): 4, (3, 0): 318, (3, 1): 1533, (3, 2): 5951, (3, 3): 499, (3, 4): 84, (4, 0): 17, (4, 1): 53, (4, 2): 285, (4, 3): 85, (4, 4): 16, (5, 0): 39, (5, 1): 158, (5, 2): 616, (5, 3): 52, (5, 4): 9, (6, 0): 29, (6, 1): 168, (6, 2): 815, (6, 3): 73, (6, 4): 11, (7, 0): 21, (7, 1): 88, (7, 2): 285, (7, 3): 11, (7, 4): 2, (8, 0): 33, (8, 1): 120, (8, 2): 330, (8, 3): 31, (8, 4): 10, (9, 0): 36, (9, 1): 100, (9, 2): 216, (9, 3): 7, (9, 4): 3, (10, 0): 45, (10, 1): 194, (10, 2): 975, (10, 3): 153, (10, 4): 18, (11, 0): 6, (11, 1): 38, (11, 2): 83, (11, 3): 6, (11, 4): 2, (12, 0): 81, (12, 1): 183, (12, 2): 436, (12, 3): 38, (12, 4): 11, (13, 0): 11, (13, 1): 39, (13, 2): 191, (13, 3): 68, (13, 4): 13, (14, 0): 13, (14, 1): 46, (14, 2): 181, (14, 3): 7, (14, 4): 1, (15, 0): 4, (15, 1): 15, (15, 2): 19, (15, 3): 3, (15, 4): 0}
{(0, 0): 3857, (0, 1): 3, (0, 2): 17, (0, 3): 8, (0, 4): 20, (0, 5): 29, (0, 6): 4, (0, 7): 15, (0, 8): 16, (0, 9): 1, (0, 10): 22, (0, 11): 13, (0, 12): 12, (0, 13): 9, (0, 14): 0, (0, 15): 62, (0, 16): 10, (0, 17): 9, (0, 18): 6, (0, 19): 13, (0, 20): 23, (0, 21): 1, (0, 22): 4, (0, 23): 3, (0, 24): 2, (0, 25): 0, (0, 26): 1, (0, 27): 18, (0, 28): 3, (0, 29): 3, (0, 30): 4, (0, 31): 1, (0, 32): 1, (0, 33): 1, (0, 34): 4, (0, 35): 3, (0, 36): 3, (0, 37): 0, (0, 38): 3, (0, 39): 4, (0, 40): 0, (0, 41): 0, (1, 0): 5354, (1, 1): 3, (1, 2): 10, (1, 3): 17, (1, 4): 21, (1, 5): 29, (1, 6): 6, (1, 7): 10, (1, 8): 9, (1, 9): 5, (1, 10): 15, (1, 11): 3, (1, 12): 15, (1, 13): 7, (1, 14): 3, (1, 15): 32, (1, 16): 7, (1, 17): 9, (1, 18): 16, (1, 19): 15, (1, 20): 50, (1, 21): 0, (1, 22): 2, (1, 23): 2, (1, 24): 6, (1, 25): 4, (1, 26): 6, (1, 27): 4, (1, 28): 9, (1, 29): 7, (1, 30): 1, (1, 31): 5, (1, 32): 6, (1, 33): 2, (1, 34): 2, (1, 35): 3, (1, 36): 11, (1, 37): 2, (1, 38): 6, (1, 39): 1, (1, 40): 0, (1, 41): 0, (2, 0): 858, (2, 1): 0, (2, 2): 1, (2, 3): 7, (2, 4): 5, (2, 5): 3, (2, 6): 0, (2, 7): 6, (2, 8): 0, (2, 9): 1, (2, 10): 2, (2, 11): 0, (2, 12): 1, (2, 13): 0, (2, 14): 2, (2, 15): 5, (2, 16): 0, (2, 17): 1, (2, 18): 3, (2, 19): 2, (2, 20): 22, (2, 21): 0, (2, 22): 1, (2, 23): 0, (2, 24): 3, (2, 25): 1, (2, 26): 0, (2, 27): 0, (2, 28): 1, (2, 29): 1, (2, 30): 0, (2, 31): 4, (2, 32): 3, (2, 33): 1, (2, 34): 0, (2, 35): 0, (2, 36): 5, (2, 37): 1, (2, 38): 2, (2, 39): 0, (2, 40): 0, (2, 41): 0, (3, 0): 7747, (3, 1): 4, (3, 2): 20, (3, 3): 34, (3, 4): 26, (3, 5): 21, (3, 6): 3, (3, 7): 6, (3, 8): 14, (3, 9): 8, (3, 10): 20, (3, 11): 15, (3, 12): 21, (3, 13): 3, (3, 14): 3, (3, 15): 28, (3, 16): 13, (3, 17): 14, (3, 18): 20, (3, 19): 14, (3, 20): 100, (3, 21): 9, (3, 22): 8, (3, 23): 4, (3, 24): 16, (3, 25): 5, (3, 26): 6, (3, 27): 3, (3, 28): 8, (3, 29): 17, (3, 30): 4, (3, 31): 13, (3, 32): 5, (3, 33): 3, (3, 34): 4, (3, 35): 3, (3, 36): 15, (3, 37): 6, (3, 38): 10, (3, 39): 4, (3, 40): 0, (3, 41): 0, (4, 0): 393, (4, 1): 0, (4, 2): 1, (4, 3): 0, (4, 4): 2, (4, 5): 4, (4, 6): 0, (4, 7): 13, (4, 8): 3, (4, 9): 1, (4, 10): 1, (4, 11): 0, (4, 12): 3, (4, 13): 0, (4, 14): 1, (4, 15): 9, (4, 16): 2, (4, 17): 0, (4, 18): 0, (4, 19): 1, (4, 20): 1, (4, 21): 0, (4, 22): 0, (4, 23): 1, (4, 24): 0, (4, 25): 0, (4, 26): 0, (4, 27): 2, (4, 28): 1, (4, 29): 2, (4, 30): 0, (4, 31): 0, (4, 32): 0, (4, 33): 0, (4, 34): 0, (4, 35): 0, (4, 36): 0, (4, 37): 0, (4, 38): 0, (4, 39): 0, (4, 40): 0, (4, 41): 0, (5, 0): 803, (5, 1): 0, (5, 2): 5, (5, 3): 2, (5, 4): 1, (5, 5): 5, (5, 6): 0, (5, 7): 2, (5, 8): 1, (5, 9): 0, (5, 10): 0, (5, 11): 0, (5, 12): 3, (5, 13): 3, (5, 14): 0, (5, 15): 5, (5, 16): 4, (5, 17): 3, (5, 18): 5, (5, 19): 1, (5, 20): 3, (5, 21): 0, (5, 22): 1, (5, 23): 3, (5, 24): 0, (5, 25): 0, (5, 26): 0, (5, 27): 1, (5, 28): 2, (5, 29): 3, (5, 30): 0, (5, 31): 0, (5, 32): 1, (5, 33): 0, (5, 34): 1, (5, 35): 2, (5, 36): 2, (5, 37): 1, (5, 38): 1, (5, 39): 1, (5, 40): 0, (5, 41): 0, (6, 0): 1017, (6, 1): 0, (6, 2): 1, (6, 3): 1, (6, 4): 6, (6, 5): 9, (6, 6): 0, (6, 7): 2, (6, 8): 2, (6, 9): 4, (6, 10): 3, (6, 11): 0, (6, 12): 2, (6, 13): 0, (6, 14): 0, (6, 15): 5, (6, 16): 1, (6, 17): 1, (6, 18): 3, (6, 19): 1, (6, 20): 9, (6, 21): 2, (6, 22): 1, (6, 23): 0, (6, 24): 1, (6, 25): 1, (6, 26): 1, (6, 27): 0, (6, 28): 0, (6, 29): 3, (6, 30): 1, (6, 31): 1, (6, 32): 1, (6, 33): 0, (6, 34): 1, (6, 35): 1, (6, 36): 0, (6, 37): 0, (6, 38): 1, (6, 39): 1, (6, 40): 0, (6, 41): 0, (7, 0): 306, (7, 1): 0, (7, 2): 0, (7, 3): 4, (7, 4): 2, (7, 5): 0, (7, 6): 1, (7, 7): 1, (7, 8): 0, (7, 9): 0, (7, 10): 0, (7, 11): 2, (7, 12): 2, (7, 13): 0, (7, 14): 0, (7, 15): 2, (7, 16): 0, (7, 17): 1, (7, 18): 2, (7, 19): 0, (7, 20): 45, (7, 21): 4, (7, 22): 1, (7, 23): 0, (7, 24): 6, (7, 25): 0, (7, 26): 0, (7, 27): 0, (7, 28): 2, (7, 29): 3, (7, 30): 0, (7, 31): 4, (7, 32): 0, (7, 33): 0, (7, 34): 0, (7, 35): 1, (7, 36): 8, (7, 37): 2, (7, 38): 0, (7, 39): 1, (7, 40): 0, (7, 41): 0, (8, 0): 405, (8, 1): 1, (8, 2): 0, (8, 3): 10, (8, 4): 2, (8, 5): 1, (8, 6): 0, (8, 7): 0, (8, 8): 0, (8, 9): 1, (8, 10): 0, (8, 11): 2, (8, 12): 3, (8, 13): 0, (8, 14): 0, (8, 15): 1, (8, 16): 3, (8, 17): 2, (8, 18): 0, (8, 19): 1, (8, 20): 46, (8, 21): 5, (8, 22): 0, (8, 23): 0, (8, 24): 6, (8, 25): 0, (8, 26): 0, (8, 27): 0, (8, 28): 1, (8, 29): 1, (8, 30): 0, (8, 31): 8, (8, 32): 1, (8, 33): 0, (8, 34): 0, (8, 35): 1, (8, 36): 3, (8, 37): 1, (8, 38): 1, (8, 39): 0, (8, 40): 0, (8, 41): 0, (9, 0): 306, (9, 1): 0, (9, 2): 0, (9, 3): 2, (9, 4): 1, (9, 5): 3, (9, 6): 0, (9, 7): 0, (9, 8): 0, (9, 9): 0, (9, 10): 0, (9, 11): 0, (9, 12): 2, (9, 13): 0, (9, 14): 0, (9, 15): 0, (9, 16): 4, (9, 17): 0, (9, 18): 2, (9, 19): 1, (9, 20): 15, (9, 21): 1, (9, 22): 0, (9, 23): 0, (9, 24): 4, (9, 25): 0, (9, 26): 1, (9, 27): 0, (9, 28): 0, (9, 29): 2, (9, 30): 0, (9, 31): 1, (9, 32): 1, (9, 33): 0, (9, 34): 1, (9, 35): 0, (9, 36): 1, (9, 37): 1, (9, 38): 0, (9, 39): 0, (9, 40): 0, (9, 41): 0, (10, 0): 1232, (10, 1): 0, (10, 2): 7, (10, 3): 0, (10, 4): 7, (10, 5): 3, (10, 6): 0, (10, 7): 21, (10, 8): 5, (10, 9): 3, (10, 10): 5, (10, 11): 9, (10, 12): 5, (10, 13): 2, (10, 14): 0, (10, 15): 5, (10, 16): 2, (10, 17): 3, (10, 18): 1, (10, 19): 0, (10, 20): 5, (10, 21): 1, (10, 22): 0, (10, 23): 4, (10, 24): 1, (10, 25): 0, (10, 26): 2, (10, 27): 10, (10, 28): 0, (10, 29): 1, (10, 30): 0, (10, 31): 0, (10, 32): 2, (10, 33): 2, (10, 34): 0, (10, 35): 0, (10, 36): 3, (10, 37): 1, (10, 38): 1, (10, 39): 3, (10, 40): 0, (10, 41): 0, (11, 0): 36, (11, 1): 1, (11, 2): 1, (11, 3): 3, (11, 4): 0, (11, 5): 0, (11, 6): 0, (11, 7): 0, (11, 8): 0, (11, 9): 0, (11, 10): 0, (11, 11): 0, (11, 12): 3, (11, 13): 0, (11, 14): 1, (11, 15): 2, (11, 16): 4, (11, 17): 0, (11, 18): 0, (11, 19): 2, (11, 20): 48, (11, 21): 7, (11, 22): 0, (11, 23): 0, (11, 24): 6, (11, 25): 0, (11, 26): 0, (11, 27): 0, (11, 28): 1, (11, 29): 1, (11, 30): 0, (11, 31): 6, (11, 32): 0, (11, 33): 0, (11, 34): 0, (11, 35): 0, (11, 36): 8, (11, 37): 0, (11, 38): 0, (11, 39): 0, (11, 40): 0, (11, 41): 0, (12, 0): 676, (12, 1): 0, (12, 2): 2, (12, 3): 2, (12, 4): 2, (12, 5): 1, (12, 6): 0, (12, 7): 2, (12, 8): 1, (12, 9): 1, (12, 10): 0, (12, 11): 2, (12, 12): 1, (12, 13): 0, (12, 14): 0, (12, 15): 1, (12, 16): 1, (12, 17): 0, (12, 18): 1, (12, 19): 3, (12, 20): 21, (12, 21): 2, (12, 22): 0, (12, 23): 0, (12, 24): 3, (12, 25): 0, (12, 26): 1, (12, 27): 0, (12, 28): 0, (12, 29): 3, (12, 30): 0, (12, 31): 4, (12, 32): 1, (12, 33): 0, (12, 34): 0, (12, 35): 1, (12, 36): 4, (12, 37): 0, (12, 38): 1, (12, 39): 0, (12, 40): 0, (12, 41): 0, (13, 0): 257, (13, 1): 0, (13, 2): 4, (13, 3): 0, (13, 4): 5, (13, 5): 5, (13, 6): 0, (13, 7): 5, (13, 8): 0, (13, 9): 0, (13, 10): 1, (13, 11): 7, (13, 12): 2, (13, 13): 2, (13, 14): 0, (13, 15): 0, (13, 16): 1, (13, 17): 1, (13, 18): 0, (13, 19): 1, (13, 20): 1, (13, 21): 0, (13, 22): 0, (13, 23): 3, (13, 24): 0, (13, 25): 0, (13, 26): 0, (13, 27): 5, (13, 28): 0, (13, 29): 1, (13, 30): 0, (13, 31): 0, (13, 32): 0, (13, 33): 0, (13, 34): 1, (13, 35): 0, (13, 36): 1, (13, 37): 0, (13, 38): 0, (13, 39): 1, (13, 40): 0, (13, 41): 0, (14, 0): 69, (14, 1): 0, (14, 2): 0, (14, 3): 4, (14, 4): 1, (14, 5): 0, (14, 6): 0, (14, 7): 0, (14, 8): 0, (14, 9): 0, (14, 10): 0, (14, 11): 0, (14, 12): 3, (14, 13): 0, (14, 14): 1, (14, 15): 7, (14, 16): 7, (14, 17): 0, (14, 18): 0, (14, 19): 2, (14, 20): 110, (14, 21): 0, (14, 22): 0, (14, 23): 0, (14, 24): 2, (14, 25): 1, (14, 26): 0, (14, 27): 0, (14, 28): 2, (14, 29): 2, (14, 30): 0, (14, 31): 8, (14, 32): 2, (14, 33): 0, (14, 34): 0, (14, 35): 0, (14, 36): 13, (14, 37): 1, (14, 38): 0, (14, 39): 0, (14, 40): 0, (14, 41): 0, (15, 0): 15, (15, 1): 1, (15, 2): 0, (15, 3): 1, (15, 4): 0, (15, 5): 0, (15, 6): 0, (15, 7): 1, (15, 8): 0, (15, 9): 0, (15, 10): 0, (15, 11): 2, (15, 12): 0, (15, 13): 0, (15, 14): 0, (15, 15): 0, (15, 16): 0, (15, 17): 0, (15, 18): 0, (15, 19): 0, (15, 20): 14, (15, 21): 0, (15, 22): 0, (15, 23): 0, (15, 24): 2, (15, 25): 1, (15, 26): 0, (15, 27): 0, (15, 28): 0, (15, 29): 0, (15, 30): 0, (15, 31): 0, (15, 32): 0, (15, 33): 0, (15, 34): 0, (15, 35): 0, (15, 36): 2, (15, 37): 0, (15, 38): 0, (15, 39): 1, (15, 40): 0, (15, 41): 0}
{(0, 0): 332, (0, 1): 2011, (0, 2): 581, (0, 3): 1354, (0, 4): 1960, (0, 5): 1684, (0, 6): 372, (0, 7): 789, (0, 8): 784, (0, 9): 473, (0, 10): 807, (0, 11): 14, (0, 12): 300, (0, 13): 2, (1, 0): 104, (1, 1): 368, (1, 2): 406, (1, 3): 357, (1, 4): 493, (1, 5): 437, (1, 6): 100, (1, 7): 226, (1, 8): 648, (1, 9): 47, (1, 10): 148, (1, 11): 25, (1, 12): 63, (1, 13): 0, (2, 0): 264, (2, 1): 701, (2, 2): 1308, (2, 3): 1063, (2, 4): 646, (2, 5): 982, (2, 6): 552, (2, 7): 449, (2, 8): 1276, (2, 9): 225, (2, 10): 279, (2, 11): 47, (2, 12): 114, (2, 13): 4, (3, 0): 25, (3, 1): 85, (3, 2): 149, (3, 3): 69, (3, 4): 78, (3, 5): 84, (3, 6): 29, (3, 7): 65, (3, 8): 128, (3, 9): 13, (3, 10): 27, (3, 11): 11, (3, 12): 11, (3, 13): 0, (4, 0): 12, (4, 1): 31, (4, 2): 144, (4, 3): 84, (4, 4): 79, (4, 5): 75, (4, 6): 14, (4, 7): 42, (4, 8): 128, (4, 9): 21, (4, 10): 18, (4, 11): 15, (4, 12): 9, (4, 13): 0, (5, 0): 4, (5, 1): 42, (5, 2): 43, (5, 3): 30, (5, 4): 21, (5, 5): 36, (5, 6): 16, (5, 7): 19, (5, 8): 44, (5, 9): 15, (5, 10): 15, (5, 11): 4, (5, 12): 5, (5, 13): 0, (6, 0): 0, (6, 1): 2, (6, 2): 2, (6, 3): 2, (6, 4): 0, (6, 5): 3, (6, 6): 0, (6, 7): 0, (6, 8): 5, (6, 9): 1, (6, 10): 0, (6, 11): 0, (6, 12): 1, (6, 13): 0}
{(0, 0): 1264, (0, 1): 68, (0, 2): 10541, (0, 3): 15, (0, 4): 103, (0, 5): 0, (1, 0): 0, (1, 1): 263, (1, 2): 0, (1, 3): 1943, (1, 4): 90, (1, 5): 1280, (2, 0): 0, (2, 1): 3580, (2, 2): 0, (2, 3): 3750, (2, 4): 492, (2, 5): 710, (3, 0): 0, (3, 1): 78, (3, 2): 0, (3, 3): 340, (3, 4): 42, (3, 5): 365, (4, 0): 0, (4, 1): 14, (4, 2): 0, (4, 3): 434, (4, 4): 40, (4, 5): 303, (5, 0): 0, (5, 1): 32, (5, 2): 0, (5, 3): 162, (5, 4): 24, (5, 5): 98, (6, 0): 8, (6, 1): 1, (6, 2): 7, (6, 3): 0, (6, 4): 1, (6, 5): 0}
{(0, 0): 10725, (0, 1): 413, (0, 2): 91, (0, 3): 82, (0, 4): 680, (1, 0): 3058, (1, 1): 64, (1, 2): 46, (1, 3): 22, (1, 4): 386, (2, 0): 6995, (2, 1): 302, (2, 2): 79, (2, 3): 90, (2, 4): 1066, (3, 0): 574, (3, 1): 15, (3, 2): 10, (3, 3): 11, (3, 4): 215, (4, 0): 658, (4, 1): 19, (4, 2): 12, (4, 3): 4, (4, 4): 98, (5, 0): 225, (5, 1): 34, (5, 2): 5, (5, 3): 11, (5, 4): 41, (6, 0): 16, (6, 1): 0, (6, 2): 0, (6, 3): 0, (6, 4): 1}
{(0, 0): 1342, (0, 1): 10649, (1, 0): 2140, (1, 1): 1436, (2, 0): 3785, (2, 1): 4747, (3, 0): 510, (3, 1): 315, (4, 0): 660, (4, 1): 131, (5, 0): 153, (5, 1): 163, (6, 0): 10, (6, 1): 7}
{(0, 0): 11542, (0, 1): 314, (0, 2): 29, (0, 3): 0, (0, 4): 2, (1, 0): 3490, (1, 1): 57, (1, 2): 0, (1, 3): 18, (1, 4): 1, (2, 0): 8416, (2, 1): 89, (2, 2): 0, (2, 3): 14, (2, 4): 3, (3, 0): 812, (3, 1): 8, (3, 2): 0, (3, 3): 3, (3, 4): 0, (4, 0): 776, (4, 1): 8, (4, 2): 2, (4, 3): 4, (4, 4): 0, (5, 0): 310, (5, 1): 3, (5, 2): 0, (5, 3): 2, (5, 4): 0, (6, 0): 17, (6, 1): 0, (6, 2): 0, (6, 3): 0, (6, 4): 0}
{(0, 0): 11226, (0, 1): 116, (0, 2): 646, (0, 3): 3, (0, 4): 0, (1, 0): 3449, (1, 1): 55, (1, 2): 59, (1, 3): 10, (1, 4): 3, (2, 0): 8288, (2, 1): 109, (2, 2): 126, (2, 3): 8, (2, 4): 1, (3, 0): 802, (3, 1): 3, (3, 2): 14, (3, 3): 4, (3, 4): 2, (4, 0): 760, (4, 1): 12, (4, 2): 14, (4, 3): 2, (4, 4): 3, (5, 0): 305, (5, 1): 5, (5, 2): 6, (5, 3): 0, (5, 4): 0, (6, 0): 17, (6, 1): 0, (6, 2): 0, (6, 3): 0, (6, 4): 0}
{(0, 0): 359, (0, 1): 1349, (0, 2): 8943, (0, 3): 1173, (0, 4): 167, (1, 0): 100, (1, 1): 695, (1, 2): 2549, (1, 3): 194, (1, 4): 38, (2, 0): 735, (2, 1): 2319, (2, 2): 5067, (2, 3): 361, (2, 4): 50, (3, 0): 26, (3, 1): 209, (3, 2): 550, (3, 3): 35, (3, 4): 5, (4, 0): 141, (4, 1): 248, (4, 2): 375, (4, 3): 22, (4, 4): 5, (5, 0): 13, (5, 1): 76, (5, 2): 200, (5, 3): 22, (5, 4): 5, (6, 0): 2, (6, 1): 3, (6, 2): 10, (6, 3): 1, (6, 4): 1}
{(0, 0): 10705, (0, 1): 7, (0, 2): 31, (0, 3): 35, (0, 4): 50, (0, 5): 53, (0, 6): 3, (0, 7): 52, (0, 8): 26, (0, 9): 17, (0, 10): 35, (0, 11): 34, (0, 12): 39, (0, 13): 12, (0, 14): 2, (0, 15): 86, (0, 16): 41, (0, 17): 24, (0, 18): 19, (0, 19): 23, (0, 20): 258, (0, 21): 17, (0, 22): 6, (0, 23): 10, (0, 24): 19, (0, 25): 9, (0, 26): 8, (0, 27): 24, (0, 28): 10, (0, 29): 16, (0, 30): 4, (0, 31): 13, (0, 32): 9, (0, 33): 4, (0, 34): 4, (0, 35): 11, (0, 36): 22, (0, 37): 8, (0, 38): 9, (0, 39): 10, (0, 40): 0, (0, 41): 0, (1, 0): 3346, (1, 1): 0, (1, 2): 15, (1, 3): 13, (1, 4): 14, (1, 5): 22, (1, 6): 3, (1, 7): 2, (1, 8): 9, (1, 9): 1, (1, 10): 5, (1, 11): 5, (1, 12): 13, (1, 13): 5, (1, 14): 2, (1, 15): 9, (1, 16): 3, (1, 17): 2, (1, 18): 2, (1, 19): 4, (1, 20): 17, (1, 21): 4, (1, 22): 2, (1, 23): 4, (1, 24): 6, (1, 25): 0, (1, 26): 2, (1, 27): 1, (1, 28): 3, (1, 29): 5, (1, 30): 1, (1, 31): 4, (1, 32): 1, (1, 33): 2, (1, 34): 1, (1, 35): 1, (1, 36): 4, (1, 37): 1, (1, 38): 2, (1, 39): 0, (1, 40): 0, (1, 41): 0, (2, 0): 7649, (2, 1): 5, (2, 2): 17, (2, 3): 27, (2, 4): 30, (2, 5): 26, (2, 6): 7, (2, 7): 18, (2, 8): 13, (2, 9): 6, (2, 10): 23, (2, 11): 8, (2, 12): 15, (2, 13): 8, (2, 14): 4, (2, 15): 50, (2, 16): 9, (2, 17): 11, (2, 18): 28, (2, 19): 29, (2, 20): 178, (2, 21): 7, (2, 22): 8, (2, 23): 4, (2, 24): 23, (2, 25): 4, (2, 26): 7, (2, 27): 17, (2, 28): 10, (2, 29): 17, (2, 30): 3, (2, 31): 27, (2, 32): 12, (2, 33): 3, (2, 34): 5, (2, 35): 3, (2, 36): 39, (2, 37): 7, (2, 38): 11, (2, 39): 6, (2, 40): 0, (2, 41): 0, (3, 0): 708, (3, 1): 0, (3, 2): 2, (3, 3): 9, (3, 4): 2, (3, 5): 6, (3, 6): 0, (3, 7): 2, (3, 8): 2, (3, 9): 0, (3, 10): 2, (3, 11): 2, (3, 12): 5, (3, 13): 0, (3, 14): 1, (3, 15): 6, (3, 16): 2, (3, 17): 2, (3, 18): 5, (3, 19): 0, (3, 20): 24, (3, 21): 2, (3, 22): 1, (3, 23): 0, (3, 24): 3, (3, 25): 0, (3, 26): 0, (3, 27): 0, (3, 28): 2, (3, 29): 6, (3, 30): 0, (3, 31): 4, (3, 32): 1, (3, 33): 0, (3, 34): 0, (3, 35): 0, (3, 36): 6, (3, 37): 0, (3, 38): 3, (3, 39): 1, (3, 40): 0, (3, 41): 0, (4, 0): 719, (4, 1): 0, (4, 2): 4, (4, 3): 4, (4, 4): 3, (4, 5): 4, (4, 6): 1, (4, 7): 1, (4, 8): 0, (4, 9): 1, (4, 10): 3, (4, 11): 1, (4, 12): 4, (4, 13): 1, (4, 14): 0, (4, 15): 3, (4, 16): 2, (4, 17): 3, (4, 18): 0, (4, 19): 0, (4, 20): 6, (4, 21): 2, (4, 22): 0, (4, 23): 1, (4, 24): 0, (4, 25): 0, (4, 26): 0, (4, 27): 0, (4, 28): 2, (4, 29): 2, (4, 30): 2, (4, 31): 1, (4, 32): 1, (4, 33): 0, (4, 34): 2, (4, 35): 0, (4, 36): 4, (4, 37): 0, (4, 38): 0, (4, 39): 0, (4, 40): 0, (4, 41): 0, (5, 0): 187, (5, 1): 1, (5, 2): 0, (5, 3): 7, (5, 4): 2, (5, 5): 2, (5, 6): 0, (5, 7): 9, (5, 8): 1, (5, 9): 0, (5, 10): 1, (5, 11): 5, (5, 12): 2, (5, 13): 0, (5, 14): 2, (5, 15): 10, (5, 16): 2, (5, 17): 2, (5, 18): 5, (5, 19): 1, (5, 20): 30, (5, 21): 0, (5, 22): 1, (5, 23): 1, (5, 24): 7, (5, 25): 0, (5, 26): 1, (5, 27): 1, (5, 28): 3, (5, 29): 4, (5, 30): 0, (5, 31): 6, (5, 32): 0, (5, 33): 0, (5, 34): 2, (5, 35): 0, (5, 36): 4, (5, 37): 0, (5, 38): 1, (5, 39): 0, (5, 40): 0, (5, 41): 0, (6, 0): 17, (6, 1): 0, (6, 2): 0, (6, 3): 0, (6, 4): 0, (6, 5): 0, (6, 6): 0, (6, 7): 0, (6, 8): 0, (6, 9): 0, (6, 10): 0, (6, 11): 0, (6, 12): 0, (6, 13): 0, (6, 14): 0, (6, 15): 0, (6, 16): 0, (6, 17): 0, (6, 18): 0, (6, 19): 0, (6, 20): 0, (6, 21): 0, (6, 22): 0, (6, 23): 0, (6, 24): 0, (6, 25): 0, (6, 26): 0, (6, 27): 0, (6, 28): 0, (6, 29): 0, (6, 30): 0, (6, 31): 0, (6, 32): 0, (6, 33): 0, (6, 34): 0, (6, 35): 0, (6, 36): 0, (6, 37): 0, (6, 38): 0, (6, 39): 0, (6, 40): 0, (6, 41): 0}
{(0, 0): 39, (0, 1): 99, (0, 2): 288, (0, 3): 222, (0, 4): 17, (0, 5): 76, (1, 0): 18, (1, 1): 312, (1, 2): 1971, (1, 3): 667, (1, 4): 76, (1, 5): 196, (2, 0): 153, (2, 1): 696, (2, 2): 410, (2, 3): 779, (2, 4): 150, (2, 5): 445, (3, 0): 105, (3, 1): 570, (3, 2): 1230, (3, 3): 706, (3, 4): 86, (3, 5): 262, (4, 0): 189, (4, 1): 190, (4, 2): 1758, (4, 3): 815, (4, 4): 42, (4, 5): 283, (5, 0): 252, (5, 1): 249, (5, 2): 1421, (5, 3): 1015, (5, 4): 48, (5, 5): 316, (6, 0): 13, (6, 1): 328, (6, 2): 348, (6, 3): 242, (6, 4): 77, (6, 5): 75, (7, 0): 62, (7, 1): 206, (7, 2): 713, (7, 3): 368, (7, 4): 54, (7, 5): 187, (8, 0): 290, (8, 1): 624, (8, 2): 476, (8, 3): 925, (8, 4): 109, (8, 5): 589, (9, 0): 12, (9, 1): 111, (9, 2): 456, (9, 3): 141, (9, 4): 25, (9, 5): 50, (10, 0): 14, (10, 1): 137, (10, 2): 785, (10, 3): 249, (10, 4): 27, (10, 5): 82, (11, 0): 7, (11, 1): 19, (11, 2): 0, (11, 3): 42, (11, 4): 18, (11, 5): 30, (12, 0): 7, (12, 1): 56, (12, 2): 290, (12, 3): 112, (12, 4): 9, (12, 5): 29, (13, 0): 0, (13, 1): 1, (13, 2): 1, (13, 3): 2, (13, 4): 2, (13, 5): 0}
{(0, 0): 646, (0, 1): 34, (0, 2): 4, (0, 3): 3, (0, 4): 54, (1, 0): 2922, (1, 1): 74, (1, 2): 35, (1, 3): 23, (1, 4): 186, (2, 0): 2019, (2, 1): 109, (2, 2): 24, (2, 3): 30, (2, 4): 451, (3, 0): 2611, (3, 1): 97, (3, 2): 21, (3, 3): 23, (3, 4): 207, (4, 0): 2946, (4, 1): 104, (4, 2): 23, (4, 3): 11, (4, 4): 193, (5, 0): 2914, (5, 1): 146, (5, 2): 28, (5, 3): 24, (5, 4): 189, (6, 0): 887, (6, 1): 20, (6, 2): 18, (6, 3): 8, (6, 4): 150, (7, 0): 1288, (7, 1): 46, (7, 2): 14, (7, 3): 33, (7, 4): 209, (8, 0): 2461, (8, 1): 110, (8, 2): 26, (8, 3): 18, (8, 4): 398, (9, 0): 728, (9, 1): 14, (9, 2): 10, (9, 3): 9, (9, 4): 34, (10, 0): 1106, (10, 1): 23, (10, 2): 16, (10, 3): 11, (10, 4): 138, (11, 0): 89, (11, 1): 2, (11, 2): 0, (11, 3): 3, (11, 4): 22, (12, 0): 404, (12, 1): 11, (12, 2): 3, (12, 3): 5, (12, 4): 80, (13, 0): 5, (13, 1): 0, (13, 2): 1, (13, 3): 0, (13, 4): 0}
{(0, 0): 268, (0, 1): 473, (1, 0): 166, (1, 1): 3074, (2, 0): 1448, (2, 1): 1185, (3, 0): 1021, (3, 1): 1938, (4, 0): 930, (4, 1): 2347, (5, 0): 1219, (5, 1): 2082, (6, 0): 121, (6, 1): 962, (7, 0): 432, (7, 1): 1158, (8, 0): 2028, (8, 1): 985, (9, 0): 52, (9, 1): 743, (10, 0): 73, (10, 1): 1221, (11, 0): 109, (11, 1): 7, (12, 0): 56, (12, 1): 447, (13, 0): 0, (13, 1): 6}
{(0, 0): 727, (0, 1): 11, (0, 2): 0, (0, 3): 2, (0, 4): 0, (1, 0): 3191, (1, 1): 38, (1, 2): 0, (1, 3): 3, (1, 4): 0, (2, 0): 2629, (2, 1): 1, (2, 2): 0, (2, 3): 1, (2, 4): 0, (3, 0): 2867, (3, 1): 60, (3, 2): 5, (3, 3): 5, (3, 4): 0, (4, 0): 3059, (4, 1): 164, (4, 2): 8, (4, 3): 12, (4, 4): 1, (5, 0): 3092, (5, 1): 134, (5, 2): 11, (5, 3): 11, (5, 4): 0, (6, 0): 1080, (6, 1): 2, (6, 2): 0, (6, 3): 0, (6, 4): 0, (7, 0): 1585, (7, 1): 4, (7, 2): 0, (7, 3): 0, (7, 4): 0, (8, 0): 2984, (8, 1): 23, (8, 2): 2, (8, 3): 1, (8, 4): 0, (9, 0): 782, (9, 1): 6, (9, 2): 2, (9, 3): 3, (9, 4): 2, (10, 0): 1281, (10, 1): 13, (10, 2): 0, (10, 3): 0, (10, 4): 0, (11, 0): 115, (11, 1): 0, (11, 2): 0, (11, 3): 1, (11, 4): 0, (12, 0): 496, (12, 1): 6, (12, 2): 0, (12, 3): 0, (12, 4): 1, (13, 0): 6, (13, 1): 0, (13, 2): 0, (13, 3): 0, (13, 4): 0}
{(0, 0): 701, (0, 1): 10, (0, 2): 30, (0, 3): 0, (0, 4): 0, (1, 0): 3093, (1, 1): 43, (1, 2): 101, (1, 3): 3, (1, 4): 0, (2, 0): 2579, (2, 1): 21, (2, 2): 30, (2, 3): 2, (2, 4): 1, (3, 0): 2804, (3, 1): 39, (3, 2): 112, (3, 3): 4, (3, 4): 0, (4, 0): 3052, (4, 1): 39, (4, 2): 179, (4, 3): 6, (4, 4): 1, (5, 0): 3063, (5, 1): 38, (5, 2): 190, (5, 3): 7, (5, 4): 3, (6, 0): 1058, (6, 1): 9, (6, 2): 15, (6, 3): 1, (6, 4): 0, (7, 0): 1536, (7, 1): 18, (7, 2): 35, (7, 3): 0, (7, 4): 1, (8, 0): 2910, (8, 1): 32, (8, 2): 69, (8, 3): 1, (8, 4): 1, (9, 0): 765, (9, 1): 10, (9, 2): 20, (9, 3): 0, (9, 4): 0, (10, 0): 1233, (10, 1): 19, (10, 2): 40, (10, 3): 2, (10, 4): 0, (11, 0): 114, (11, 1): 2, (11, 2): 0, (11, 3): 0, (11, 4): 0, (12, 0): 483, (12, 1): 4, (12, 2): 16, (12, 3): 0, (12, 4): 0, (13, 0): 5, (13, 1): 0, (13, 2): 1, (13, 3): 0, (13, 4): 0}
{(0, 0): 36, (0, 1): 130, (0, 2): 542, (0, 3): 27, (0, 4): 6, (1, 0): 43, (1, 1): 306, (1, 2): 2688, (1, 3): 185, (1, 4): 18, (2, 0): 277, (2, 1): 1014, (2, 2): 1236, (2, 3): 81, (2, 4): 25, (3, 0): 177, (3, 1): 635, (3, 2): 1837, (3, 3): 281, (3, 4): 29, (4, 0): 67, (4, 1): 298, (4, 2): 2494, (4, 3): 381, (4, 4): 37, (5, 0): 149, (5, 1): 525, (5, 2): 2274, (5, 3): 312, (5, 4): 41, (6, 0): 71, (6, 1): 222, (6, 2): 749, (6, 3): 36, (6, 4): 5, (7, 0): 21, (7, 1): 159, (7, 2): 1364, (7, 3): 40, (7, 4): 6, (8, 0): 167, (8, 1): 739, (8, 2): 2036, (8, 3): 65, (8, 4): 6, (9, 0): 29, (9, 1): 121, (9, 2): 445, (9, 3): 154, (9, 4): 46, (10, 0): 25, (10, 1): 164, (10, 2): 917, (10, 3): 162, (10, 4): 26, (11, 0): 23, (11, 1): 44, (11, 2): 43, (11, 3): 4, (11, 4): 2, (12, 0): 15, (12, 1): 43, (12, 2): 395, (12, 3): 41, (12, 4): 9, (13, 0): 1, (13, 1): 0, (13, 2): 5, (13, 3): 0, (13, 4): 0}
{(0, 0): 678, (0, 1): 0, (0, 2): 4, (0, 3): 0, (0, 4): 3, (0, 5): 4, (0, 6): 0, (0, 7): 3, (0, 8): 0, (0, 9): 0, (0, 10): 0, (0, 11): 2, (0, 12): 0, (0, 13): 0, (0, 14): 0, (0, 15): 11, (0, 16): 0, (0, 17): 2, (0, 18): 3, (0, 19): 2, (0, 20): 2, (0, 21): 0, (0, 22): 0, (0, 23): 1, (0, 24): 0, (0, 25): 0, (0, 26): 1, (0, 27): 1, (0, 28): 0, (0, 29): 3, (0, 30): 1, (0, 31): 2, (0, 32): 2, (0, 33): 0, (0, 34): 0, (0, 35): 0, (0, 36): 0, (0, 37): 1, (0, 38): 1, (0, 39): 1, (0, 40): 0, (0, 41): 0, (1, 0): 2905, (1, 1): 5, (1, 2): 5, (1, 3): 13, (1, 4): 12, (1, 5): 11, (1, 6): 2, (1, 7): 5, (1, 8): 5, (1, 9): 5, (1, 10): 7, (1, 11): 2, (1, 12): 7, (1, 13): 2, (1, 14): 1, (1, 15): 12, (1, 16): 9, (1, 17): 9, (1, 18): 5, (1, 19): 9, (1, 20): 81, (1, 21): 9, (1, 22): 5, (1, 23): 0, (1, 24): 4, (1, 25): 3, (1, 26): 3, (1, 27): 2, (1, 28): 1, (1, 29): 8, (1, 30): 2, (1, 31): 10, (1, 32): 1, (1, 33): 0, (1, 34): 1, (1, 35): 2, (1, 36): 10, (1, 37): 2, (1, 38): 2, (1, 39): 4, (1, 40): 0, (1, 41): 0, (2, 0): 2227, (2, 1): 1, (2, 2): 7, (2, 3): 14, (2, 4): 11, (2, 5): 5, (2, 6): 3, (2, 7): 4, (2, 8): 8, (2, 9): 3, (2, 10): 9, (2, 11): 13, (2, 12): 9, (2, 13): 3, (2, 14): 1, (2, 15): 32, (2, 16): 4, (2, 17): 5, (2, 18): 11, (2, 19): 8, (2, 20): 88, (2, 21): 2, (2, 22): 3, (2, 23): 2, (2, 24): 12, (2, 25): 1, (2, 26): 3, (2, 27): 1, (2, 28): 13, (2, 29): 7, (2, 30): 1, (2, 31): 7, (2, 32): 5, (2, 33): 1, (2, 34): 2, (2, 35): 4, (2, 36): 31, (2, 37): 2, (2, 38): 5, (2, 39): 0, (2, 40): 0, (2, 41): 0, (3, 0): 2715, (3, 1): 0, (3, 2): 6, (3, 3): 9, (3, 4): 8, (3, 5): 11, (3, 6): 1, (3, 7): 13, (3, 8): 5, (3, 9): 4, (3, 10): 19, (3, 11): 4, (3, 12): 8, (3, 13): 4, (3, 14): 1, (3, 15): 15, (3, 16): 3, (3, 17): 5, (3, 18): 6, (3, 19): 3, (3, 20): 31, (3, 21): 1, (3, 22): 0, (3, 23): 2, (3, 24): 6, (3, 25): 1, (3, 26): 2, (3, 27): 3, (3, 28): 0, (3, 29): 2, (3, 30): 0, (3, 31): 2, (3, 32): 1, (3, 33): 0, (3, 34): 0, (3, 35): 0, (3, 36): 6, (3, 37): 1, (3, 38): 5, (3, 39): 1, (3, 40): 0, (3, 41): 0, (4, 0): 3017, (4, 1): 1, (4, 2): 14, (4, 3): 7, (4, 4): 9, (4, 5): 16, (4, 6): 4, (4, 7): 7, (4, 8): 13, (4, 9): 8, (4, 10): 9, (4, 11): 7, (4, 12): 15, (4, 13): 7, (4, 14): 1, (4, 15): 11, (4, 16): 7, (4, 17): 3, (4, 18): 7, (4, 19): 3, (4, 20): 14, (4, 21): 2, (4, 22): 2, (4, 23): 6, (4, 24): 2, (4, 25): 0, (4, 26): 1, (4, 27): 11, (4, 28): 0, (4, 29): 4, (4, 30): 2, (4, 31): 0, (4, 32): 0, (4, 33): 3, (4, 34): 3, (4, 35): 4, (4, 36): 1, (4, 37): 1, (4, 38): 1, (4, 39): 2, (4, 40): 0, (4, 41): 0, (5, 0): 2956, (5, 1): 2, (5, 2): 14, (5, 3): 10, (5, 4): 19, (5, 5): 27, (5, 6): 2, (5, 7): 32, (5, 8): 6, (5, 9): 2, (5, 10): 8, (5, 11): 16, (5, 12): 8, (5, 13): 7, (5, 14): 1, (5, 15): 23, (5, 16): 10, (5, 17): 4, (5, 18): 4, (5, 19): 3, (5, 20): 14, (5, 21): 0, (5, 22): 3, (5, 23): 6, (5, 24): 2, (5, 25): 0, (5, 26): 0, (5, 27): 14, (5, 28): 2, (5, 29): 5, (5, 30): 3, (5, 31): 1, (5, 32): 1, (5, 33): 2, (5, 34): 2, (5, 35): 0, (5, 36): 4, (5, 37): 1, (5, 38): 2, (5, 39): 4, (5, 40): 0, (5, 41): 0, (6, 0): 930, (6, 1): 0, (6, 2): 2, (6, 3): 1, (6, 4): 2, (6, 5): 4, (6, 6): 1, (6, 7): 3, (6, 8): 1, (6, 9): 1, (6, 10): 2, (6, 11): 0, (6, 12): 3, (6, 13): 0, (6, 14): 2, (6, 15): 6, (6, 16): 4, (6, 17): 5, (6, 18): 4, (6, 19): 1, (6, 20): 58, (6, 21): 5, (6, 22): 2, (6, 23): 0, (6, 24): 2, (6, 25): 0, (6, 26): 1, (6, 27): 0, (6, 28): 3, (6, 29): 3, (6, 30): 0, (6, 31): 7, (6, 32): 3, (6, 33): 0, (6, 34): 0, (6, 35): 0, (6, 36): 5, (6, 37): 0, (6, 38): 3, (6, 39): 0, (6, 40): 0, (6, 41): 0, (7, 0): 1351, (7, 1): 4, (7, 2): 2, (7, 3): 13, (7, 4): 5, (7, 5): 4, (7, 6): 0, (7, 7): 2, (7, 8): 0, (7, 9): 0, (7, 10): 1, (7, 11): 5, (7, 12): 6, (7, 13): 0, (7, 14): 1, (7, 15): 10, (7, 16): 7, (7, 17): 4, (7, 18): 0, (7, 19): 8, (7, 20): 72, (7, 21): 6, (7, 22): 2, (7, 23): 0, (7, 24): 20, (7, 25): 5, (7, 26): 4, (7, 27): 0, (7, 28): 3, (7, 29): 7, (7, 30): 0, (7, 31): 8, (7, 32): 3, (7, 33): 1, (7, 34): 1, (7, 35): 2, (7, 36): 2, (7, 37): 2, (7, 38): 2, (7, 39): 0, (7, 40): 0, (7, 41): 0, (8, 0): 2753, (8, 1): 0, (8, 2): 7, (8, 3): 15, (8, 4): 12, (8, 5): 14, (8, 6): 0, (8, 7): 9, (8, 8): 8, (8, 9): 2, (8, 10): 4, (8, 11): 0, (8, 12): 8, (8, 13): 1, (8, 14): 1, (8, 15): 27, (8, 16): 7, (8, 17): 2, (8, 18): 14, (8, 19): 14, (8, 20): 29, (8, 21): 3, (8, 22): 0, (8, 23): 1, (8, 24): 3, (8, 25): 2, (8, 26): 1, (8, 27): 3, (8, 28): 4, (8, 29): 5, (8, 30): 0, (8, 31): 2, (8, 32): 5, (8, 33): 0, (8, 34): 2, (8, 35): 1, (8, 36): 4, (8, 37): 4, (8, 38): 0, (8, 39): 2, (8, 40): 0, (8, 41): 0, (9, 0): 696, (9, 1): 0, (9, 2): 1, (9, 3): 4, (9, 4): 2, (9, 5): 1, (9, 6): 0, (9, 7): 0, (9, 8): 1, (9, 9): 0, (9, 10): 0, (9, 11): 0, (9, 12): 2, (9, 13): 0, (9, 14): 0, (9, 15): 4, (9, 16): 2, (9, 17): 0, (9, 18): 0, (9, 19): 2, (9, 20): 66, (9, 21): 0, (9, 22): 1, (9, 23): 0, (9, 24): 0, (9, 25): 0, (9, 26): 0, (9, 27): 0, (9, 28): 0, (9, 29): 0, (9, 30): 0, (9, 31): 4, (9, 32): 0, (9, 33): 0, (9, 34): 0, (9, 35): 1, (9, 36): 2, (9, 37): 0, (9, 38): 0, (9, 39): 1, (9, 40): 0, (9, 41): 0, (10, 0): 1207, (10, 1): 0, (10, 2): 0, (10, 3): 2, (10, 4): 4, (10, 5): 3, (10, 6): 1, (10, 7): 2, (10, 8): 0, (10, 9): 0, (10, 10): 1, (10, 11): 0, (10, 12): 7, (10, 13): 1, (10, 14): 0, (10, 15): 1, (10, 16): 1, (10, 17): 2, (10, 18): 2, (10, 19): 1, (10, 20): 16, (10, 21): 0, (10, 22): 0, (10, 23): 0, (10, 24): 3, (10, 25): 0, (10, 26): 1, (10, 27): 0, (10, 28): 3, (10, 29): 2, (10, 30): 1, (10, 31): 2, (10, 32): 2, (10, 33): 0, (10, 34): 0, (10, 35): 1, (10, 36): 4, (10, 37): 1, (10, 38): 2, (10, 39): 0, (10, 40): 0, (10, 41): 0, (11, 0): 75, (11, 1): 0, (11, 2): 1, (11, 3): 0, (11, 4): 0, (11, 5): 0, (11, 6): 0, (11, 7): 0, (11, 8): 0, (11, 9): 0, (11, 10): 0, (11, 11): 0, (11, 12): 2, (11, 13): 0, (11, 14): 0, (11, 15): 1, (11, 16): 0, (11, 17): 1, (11, 18): 1, (11, 19): 0, (11, 20): 11, (11, 21): 0, (11, 22): 0, (11, 23): 1, (11, 24): 1, (11, 25): 0, (11, 26): 1, (11, 27): 0, (11, 28): 1, (11, 29): 1, (11, 30): 0, (11, 31): 8, (11, 32): 1, (11, 33): 0, (11, 34): 1, (11, 35): 0, (11, 36): 5, (11, 37): 0, (11, 38): 0, (11, 39): 0, (11, 40): 0, (11, 41): 0, (12, 0): 466, (12, 1): 0, (12, 2): 3, (12, 3): 2, (12, 4): 2, (12, 5): 4, (12, 6): 0, (12, 7): 4, (12, 8): 1, (12, 9): 0, (12, 10): 0, (12, 11): 0, (12, 12): 1, (12, 13): 0, (12, 14): 1, (12, 15): 2, (12, 16): 0, (12, 17): 0, (12, 18): 1, (12, 19): 0, (12, 20): 4, (12, 21): 1, (12, 22): 0, (12, 23): 1, (12, 24): 0, (12, 25): 0, (12, 26): 0, (12, 27): 0, (12, 28): 0, (12, 29): 0, (12, 30): 0, (12, 31): 1, (12, 32): 0, (12, 33): 1, (12, 34): 1, (12, 35): 0, (12, 36): 0, (12, 37): 0, (12, 38): 2, (12, 39): 1, (12, 40): 0, (12, 41): 0, (13, 0): 6, (13, 1): 0, (13, 2): 0, (13, 3): 0, (13, 4): 0, (13, 5): 0, (13, 6): 0, (13, 7): 0, (13, 8): 0, (13, 9): 0, (13, 10): 0, (13, 11): 0, (13, 12): 0, (13, 13): 0, (13, 14): 0, (13, 15): 0, (13, 16): 0, (13, 17): 0, (13, 18): 0, (13, 19): 0, (13, 20): 0, (13, 21): 0, (13, 22): 0, (13, 23): 0, (13, 24): 0, (13, 25): 0, (13, 26): 0, (13, 27): 0, (13, 28): 0, (13, 29): 0, (13, 30): 0, (13, 31): 0, (13, 32): 0, (13, 33): 0, (13, 34): 0, (13, 35): 0, (13, 36): 0, (13, 37): 0, (13, 38): 0, (13, 39): 0, (13, 40): 0, (13, 41): 0}
{(0, 0): 1060, (0, 1): 54, (0, 2): 16, (0, 3): 13, (0, 4): 129, (1, 0): 3403, (1, 1): 140, (1, 2): 33, (1, 3): 33, (1, 4): 427, (2, 0): 9537, (2, 1): 336, (2, 2): 70, (2, 3): 63, (2, 4): 542, (3, 0): 5686, (3, 1): 180, (3, 2): 71, (3, 3): 62, (3, 4): 645, (4, 0): 559, (4, 1): 65, (4, 2): 12, (4, 3): 22, (4, 4): 134, (5, 0): 2006, (5, 1): 72, (5, 2): 41, (5, 3): 27, (5, 4): 610}
{(0, 0): 1271, (0, 1): 1, (1, 0): 1781, (1, 1): 2255, (2, 0): 1, (2, 1): 10547, (3, 0): 3101, (3, 1): 3543, (4, 0): 346, (4, 1): 446, (5, 0): 2100, (5, 1): 656}
{(0, 0): 1227, (0, 1): 33, (0, 2): 4, (0, 3): 0, (0, 4): 0, (1, 0): 4021, (1, 1): 11, (1, 2): 0, (1, 3): 1, (1, 4): 2, (2, 0): 10146, (2, 1): 280, (2, 2): 25, (2, 3): 0, (2, 4): 1, (3, 0): 6462, (3, 1): 134, (3, 2): 2, (3, 3): 26, (3, 4): 1, (4, 0): 784, (4, 1): 5, (4, 2): 0, (4, 3): 1, (4, 4): 2, (5, 0): 2723, (5, 1): 16, (5, 2): 0, (5, 3): 13, (5, 4): 0}
{(0, 0): 1193, (0, 1): 11, (0, 2): 68, (0, 3): 0, (0, 4): 0, (1, 0): 3941, (1, 1): 50, (1, 2): 44, (1, 3): 0, (1, 4): 1, (2, 0): 9866, (2, 1): 104, (2, 2): 576, (2, 3): 2, (2, 4): 0, (3, 0): 6380, (3, 1): 104, (3, 2): 139, (3, 3): 18, (3, 4): 3, (4, 0): 771, (4, 1): 6, (4, 2): 14, (4, 3): 0, (4, 4): 1, (5, 0): 2696, (5, 1): 25, (5, 2): 24, (5, 3): 7, (5, 4): 4}
{(0, 0): 98, (0, 1): 373, (0, 2): 758, (0, 3): 38, (0, 4): 5, (1, 0): 558, (1, 1): 1376, (1, 2): 1976, (1, 3): 102, (1, 4): 24, (2, 0): 252, (2, 1): 936, (2, 2): 8072, (2, 3): 1127, (2, 4): 161, (3, 0): 309, (3, 1): 1295, (3, 2): 4560, (3, 3): 417, (3, 4): 63, (4, 0): 57, (4, 1): 219, (4, 2): 487, (4, 3): 27, (4, 4): 2, (5, 0): 102, (5, 1): 700, (5, 2): 1841, (5, 3): 97, (5, 4): 16}
{(0, 0): 1106, (0, 1): 1, (0, 2): 5, (0, 3): 10, (0, 4): 9, (0, 5): 6, (0, 6): 1, (0, 7): 2, (0, 8): 3, (0, 9): 1, (0, 10): 7, (0, 11): 4, (0, 12): 4, (0, 13): 1, (0, 14): 2, (0, 15): 13, (0, 16): 5, (0, 17): 2, (0, 18): 3, (0, 19): 3, (0, 20): 19, (0, 21): 4, (0, 22): 0, (0, 23): 1, (0, 24): 6, (0, 25): 3, (0, 26): 1, (0, 27): 5, (0, 28): 3, (0, 29): 1, (0, 30): 0, (0, 31): 1, (0, 32): 2, (0, 33): 1, (0, 34): 2, (0, 35): 1, (0, 36): 1, (0, 37): 2, (0, 38): 1, (0, 39): 2, (0, 40): 0, (0, 41): 0, (1, 0): 3731, (1, 1): 0, (1, 2): 6, (1, 3): 12, (1, 4): 10, (1, 5): 12, (1, 6): 1, (1, 7): 10, (1, 8): 6, (1, 9): 3, (1, 10): 13, (1, 11): 4, (1, 12): 10, (1, 13): 4, (1, 14): 1, (1, 15): 31, (1, 16): 4, (1, 17): 3, (1, 18): 5, (1, 19): 9, (1, 20): 44, (1, 21): 5, (1, 22): 1, (1, 23): 1, (1, 24): 10, (1, 25): 1, (1, 26): 1, (1, 27): 8, (1, 28): 5, (1, 29): 5, (1, 30): 0, (1, 31): 3, (1, 32): 3, (1, 33): 1, (1, 34): 2, (1, 35): 2, (1, 36): 14, (1, 37): 1, (1, 38): 7, (1, 39): 0, (1, 40): 0, (1, 41): 0, (2, 0): 9487, (2, 1): 5, (2, 2): 25, (2, 3): 25, (2, 4): 40, (2, 5): 47, (2, 6): 2, (2, 7): 46, (2, 8): 22, (2, 9): 15, (2, 10): 27, (2, 11): 26, (2, 12): 34, (2, 13): 11, (2, 14): 0, (2, 15): 65, (2, 16): 35, (2, 17): 20, (2, 18): 16, (2, 19): 18, (2, 20): 218, (2, 21): 13, (2, 22): 6, (2, 23): 9, (2, 24): 12, (2, 25): 6, (2, 26): 4, (2, 27): 19, (2, 28): 7, (2, 29): 14, (2, 30): 4, (2, 31): 12, (2, 32): 7, (2, 33): 3, (2, 34): 2, (2, 35): 10, (2, 36): 20, (2, 37): 6, (2, 38): 8, (2, 39): 8, (2, 40): 0, (2, 41): 0, (3, 0): 6028, (3, 1): 4, (3, 2): 26, (3, 3): 17, (3, 4): 32, (3, 5): 27, (3, 6): 7, (3, 7): 15, (3, 8): 16, (3, 9): 4, (3, 10): 6, (3, 11): 15, (3, 12): 15, (3, 13): 6, (3, 14): 4, (3, 15): 27, (3, 16): 10, (3, 17): 12, (3, 18): 19, (3, 19): 8, (3, 20): 92, (3, 21): 5, (3, 22): 9, (3, 23): 6, (3, 24): 16, (3, 25): 3, (3, 26): 4, (3, 27): 6, (3, 28): 5, (3, 29): 16, (3, 30): 5, (3, 31): 18, (3, 32): 2, (3, 33): 3, (3, 34): 6, (3, 35): 2, (3, 36): 16, (3, 37): 4, (3, 38): 2, (3, 39): 4, (3, 40): 0, (3, 41): 0, (4, 0): 561, (4, 1): 2, (4, 2): 1, (4, 3): 7, (4, 4): 1, (4, 5): 1, (4, 6): 0, (4, 7): 6, (4, 8): 1, (4, 9): 1, (4, 10): 7, (4, 11): 4, (4, 12): 3, (4, 13): 1, (4, 14): 1, (4, 15): 15, (4, 16): 2, (4, 17): 3, (4, 18): 8, (4, 19): 10, (4, 20): 73, (4, 21): 0, (4, 22): 0, (4, 23): 0, (4, 24): 5, (4, 25): 0, (4, 26): 6, (4, 27): 1, (4, 28): 8, (4, 29): 2, (4, 30): 1, (4, 31): 12, (4, 32): 5, (4, 33): 0, (4, 34): 0, (4, 35): 0, (4, 36): 15, (4, 37): 1, (4, 38): 1, (4, 39): 3, (4, 40): 0, (4, 41): 0, (5, 0): 2418, (5, 1): 1, (5, 2): 6, (5, 3): 24, (5, 4): 9, (5, 5): 20, (5, 6): 3, (5, 7): 5, (5, 8): 3, (5, 9): 1, (5, 10): 9, (5, 11): 2, (5, 12): 12, (5, 13): 3, (5, 14): 3, (5, 15): 13, (5, 16): 3, (5, 17): 4, (5, 18): 8, (5, 19): 9, (5, 20): 67, (5, 21): 5, (5, 22): 2, (5, 23): 3, (5, 24): 9, (5, 25): 0, (5, 26): 2, (5, 27): 4, (5, 28): 2, (5, 29): 12, (5, 30): 0, (5, 31): 9, (5, 32): 5, (5, 33): 1, (5, 34): 2, (5, 35): 0, (5, 36): 13, (5, 37): 2, (5, 38): 7, (5, 39): 0, (5, 40): 0, (5, 41): 0}
{(0, 0): 6902, (0, 1): 15349, (1, 0): 275, (1, 1): 572, (2, 0): 92, (2, 1): 151, (3, 0): 88, (3, 1): 132, (4, 0): 1243, (4, 1): 1244}
{(0, 0): 21634, (0, 1): 429, (0, 2): 30, (0, 3): 37, (0, 4): 5, (1, 0): 825, (1, 1): 14, (1, 2): 0, (1, 3): 1, (1, 4): 0, (2, 0): 238, (2, 1): 4, (2, 2): 0, (2, 3): 1, (2, 4): 0, (3, 0): 220, (3, 1): 0, (3, 2): 0, (3, 3): 0, (3, 4): 0, (4, 0): 2446, (4, 1): 32, (4, 2): 1, (4, 3): 2, (4, 4): 1}
{(0, 0): 21177, (0, 1): 261, (0, 2): 781, (0, 3): 24, (0, 4): 8, (1, 0): 809, (1, 1): 12, (1, 2): 26, (1, 3): 0, (1, 4): 0, (2, 0): 239, (2, 1): 1, (2, 2): 3, (2, 3): 0, (2, 4): 0, (3, 0): 212, (3, 1): 5, (3, 2): 3, (3, 3): 0, (3, 4): 0, (4, 0): 2410, (4, 1): 21, (4, 2): 52, (4, 3): 3, (4, 4): 1}
{(0, 0): 1214, (0, 1): 4050, (0, 2): 15114, (0, 3): 1638, (0, 4): 235, (1, 0): 43, (1, 1): 145, (1, 2): 583, (1, 3): 63, (1, 4): 13, (2, 0): 12, (2, 1): 49, (2, 2): 165, (2, 3): 14, (2, 4): 3, (3, 0): 6, (3, 1): 57, (3, 2): 143, (3, 3): 11, (3, 4): 3, (4, 0): 101, (4, 1): 598, (4, 2): 1689, (4, 3): 82, (4, 4): 17}
{(0, 0): 20494, (0, 1): 0, (0, 2): 64, (0, 3): 67, (0, 4): 100, (0, 5): 102, (0, 6): 8, (0, 7): 6, (0, 8): 16, (0, 9): 24, (0, 10): 1, (0, 11): 2, (0, 12): 75, (0, 13): 19, (0, 14): 10, (0, 15): 7, (0, 16): 59, (0, 17): 43, (0, 18): 5, (0, 19): 2, (0, 20): 468, (0, 21): 31, (0, 22): 18, (0, 23): 20, (0, 24): 33, (0, 25): 0, (0, 26): 11, (0, 27): 1, (0, 28): 0, (0, 29): 45, (0, 30): 10, (0, 31): 51, (0, 32): 20, (0, 33): 9, (0, 34): 2, (0, 35): 15, (0, 36): 75, (0, 37): 0, (0, 38): 25, (0, 39): 1, (0, 40): 0, (0, 41): 0, (1, 0): 237, (1, 1): 13, (1, 2): 0, (1, 3): 1, (1, 4): 1, (1, 5): 3, (1, 6): 0, (1, 7): 73, (1, 8): 31, (1, 9): 1, (1, 10): 66, (1, 11): 53, (1, 12): 0, (1, 13): 6, (1, 14): 0, (1, 15): 155, (1, 16): 0, (1, 17): 1, (1, 18): 0, (1, 19): 55, (1, 20): 1, (1, 21): 1, (1, 22): 0, (1, 23): 0, (1, 24): 1, (1, 25): 13, (1, 26): 0, (1, 27): 41, (1, 28): 1, (1, 29): 0, (1, 30): 0, (1, 31): 0, (1, 32): 0, (1, 33): 0, (1, 34): 12, (1, 35): 0, (1, 36): 0, (1, 37): 2, (1, 38): 0, (1, 39): 15, (1, 40): 0, (1, 41): 0, (2, 0): 231, (2, 1): 0, (2, 2): 0, (2, 3): 1, (2, 4): 0, (2, 5): 0, (2, 6): 0, (2, 7): 0, (2, 8): 0, (2, 9): 0, (2, 10): 2, (2, 11): 0, (2, 12): 0, (2, 13): 0, (2, 14): 0, (2, 15): 1, (2, 16): 0, (2, 17): 0, (2, 18): 0, (2, 19): 0, (2, 20): 7, (2, 21): 0, (2, 22): 0, (2, 23): 0, (2, 24): 0, (2, 25): 0, (2, 26): 0, (2, 27): 0, (2, 28): 0, (2, 29): 0, (2, 30): 0, (2, 31): 0, (2, 32): 0, (2, 33): 0, (2, 34): 0, (2, 35): 0, (2, 36): 0, (2, 37): 0, (2, 38): 0, (2, 39): 1, (2, 40): 0, (2, 41): 0, (3, 0): 104, (3, 1): 0, (3, 2): 0, (3, 3): 18, (3, 4): 0, (3, 5): 1, (3, 6): 0, (3, 7): 3, (3, 8): 2, (3, 9): 0, (3, 10): 0, (3, 11): 0, (3, 12): 1, (3, 13): 1, (3, 14): 0, (3, 15): 0, (3, 16): 0, (3, 17): 0, (3, 18): 1, (3, 19): 0, (3, 20): 33, (3, 21): 0, (3, 22): 0, (3, 23): 0, (3, 24): 15, (3, 25): 0, (3, 26): 7, (3, 27): 1, (3, 28): 0, (3, 29): 5, (3, 30): 0, (3, 31): 4, (3, 32): 3, (3, 33): 0, (3, 34): 0, (3, 35): 0, (3, 36): 3, (3, 37): 0, (3, 38): 1, (3, 39): 0, (3, 40): 0, (3, 41): 0, (4, 0): 2265, (4, 1): 0, (4, 2): 5, (4, 3): 8, (4, 4): 0, (4, 5): 7, (4, 6): 6, (4, 7): 2, (4, 8): 2, (4, 9): 0, (4, 10): 0, (4, 11): 0, (4, 12): 2, (4, 13): 0, (4, 14): 1, (4, 15): 1, (4, 16): 0, (4, 17): 0, (4, 18): 53, (4, 19): 0, (4, 20): 4, (4, 21): 0, (4, 22): 0, (4, 23): 0, (4, 24): 9, (4, 25): 0, (4, 26): 0, (4, 27): 0, (4, 28): 29, (4, 29): 0, (4, 30): 0, (4, 31): 0, (4, 32): 1, (4, 33): 0, (4, 34): 0, (4, 35): 0, (4, 36): 1, (4, 37): 14, (4, 38): 0, (4, 39): 0, (4, 40): 0, (4, 41): 0}
{(0, 0): 8475, (0, 1): 94, (0, 2): 4, (0, 3): 9, (0, 4): 1, (1, 0): 16888, (1, 1): 385, (1, 2): 27, (1, 3): 32, (1, 4): 5}
{(0, 0): 8314, (0, 1): 110, (0, 2): 158, (0, 3): 10, (0, 4): 8, (1, 0): 16533, (1, 1): 190, (1, 2): 707, (1, 3): 17, (1, 4): 1}
{(0, 0): 738, (0, 1): 2579, (0, 2): 4971, (0, 3): 263, (0, 4): 49, (1, 0): 638, (1, 1): 2320, (1, 2): 12723, (1, 3): 1545, (1, 4): 222}
{(0, 0): 7735, (0, 1): 2, (0, 2): 22, (0, 3): 47, (0, 4): 36, (0, 5): 48, (0, 6): 7, (0, 7): 9, (0, 8): 18, (0, 9): 4, (0, 10): 25, (0, 11): 16, (0, 12): 31, (0, 13): 5, (0, 14): 5, (0, 15): 58, (0, 16): 17, (0, 17): 15, (0, 18): 31, (0, 19): 20, (0, 20): 109, (0, 21): 12, (0, 22): 7, (0, 23): 7, (0, 24): 30, (0, 25): 5, (0, 26): 8, (0, 27): 14, (0, 28): 12, (0, 29): 18, (0, 30): 4, (0, 31): 16, (0, 32): 10, (0, 33): 2, (0, 34): 10, (0, 35): 3, (0, 36): 26, (0, 37): 9, (0, 38): 10, (0, 39): 4, (0, 40): 0, (0, 41): 0, (1, 0): 15596, (1, 1): 11, (1, 2): 47, (1, 3): 48, (1, 4): 65, (1, 5): 65, (1, 6): 7, (1, 7): 75, (1, 8): 33, (1, 9): 21, (1, 10): 44, (1, 11): 39, (1, 12): 47, (1, 13): 21, (1, 14): 6, (1, 15): 106, (1, 16): 42, (1, 17): 29, (1, 18): 28, (1, 19): 37, (1, 20): 404, (1, 21): 20, (1, 22): 11, (1, 23): 13, (1, 24): 28, (1, 25): 8, (1, 26): 10, (1, 27): 29, (1, 28): 18, (1, 29): 32, (1, 30): 6, (1, 31): 39, (1, 32): 14, (1, 33): 7, (1, 34): 4, (1, 35): 12, (1, 36): 53, (1, 37): 7, (1, 38): 16, (1, 39): 13, (1, 40): 0, (1, 41): 0}
{(0, 0): 24162, (0, 1): 300, (0, 2): 865, (0, 3): 27, (0, 4): 9, (1, 0): 479, (1, 1): 0, (1, 2): 0, (1, 3): 0, (1, 4): 0, (2, 0): 31, (2, 1): 0, (2, 2): 0, (2, 3): 0, (2, 4): 0, (3, 0): 41, (3, 1): 0, (3, 2): 0, (3, 3): 0, (3, 4): 0, (4, 0): 6, (4, 1): 0, (4, 2): 0, (4, 3): 0, (4, 4): 0}
{(0, 0): 1358, (0, 1): 4837, (0, 2): 17219, (0, 3): 1689, (0, 4): 260, (1, 0): 11, (1, 1): 36, (1, 2): 354, (1, 3): 71, (1, 4): 7, (2, 0): 4, (2, 1): 4, (2, 2): 19, (2, 3): 4, (2, 4): 0, (3, 0): 1, (3, 1): 4, (3, 2): 28, (3, 3): 8, (3, 4): 0, (4, 0): 2, (4, 1): 2, (4, 2): 1, (4, 3): 1, (4, 4): 0}
{(0, 0): 22699, (0, 1): 12, (0, 2): 65, (0, 3): 95, (0, 4): 100, (0, 5): 109, (0, 6): 14, (0, 7): 83, (0, 8): 50, (0, 9): 23, (0, 10): 65, (0, 11): 54, (0, 12): 76, (0, 13): 25, (0, 14): 11, (0, 15): 161, (0, 16): 59, (0, 17): 43, (0, 18): 58, (0, 19): 55, (0, 20): 510, (0, 21): 32, (0, 22): 18, (0, 23): 19, (0, 24): 57, (0, 25): 13, (0, 26): 17, (0, 27): 42, (0, 28): 30, (0, 29): 50, (0, 30): 10, (0, 31): 55, (0, 32): 24, (0, 33): 9, (0, 34): 14, (0, 35): 15, (0, 36): 77, (0, 37): 16, (0, 38): 26, (0, 39): 17, (0, 40): 0, (0, 41): 0, (1, 0): 446, (1, 1): 1, (1, 2): 3, (1, 3): 0, (1, 4): 0, (1, 5): 3, (1, 6): 0, (1, 7): 1, (1, 8): 1, (1, 9): 2, (1, 10): 3, (1, 11): 1, (1, 12): 2, (1, 13): 1, (1, 14): 0, (1, 15): 1, (1, 16): 0, (1, 17): 0, (1, 18): 1, (1, 19): 2, (1, 20): 1, (1, 21): 0, (1, 22): 0, (1, 23): 1, (1, 24): 0, (1, 25): 0, (1, 26): 1, (1, 27): 0, (1, 28): 0, (1, 29): 0, (1, 30): 0, (1, 31): 0, (1, 32): 0, (1, 33): 0, (1, 34): 0, (1, 35): 0, (1, 36): 1, (1, 37): 0, (1, 38): 0, (1, 39): 0, (1, 40): 0, (1, 41): 0, (2, 0): 27, (2, 1): 0, (2, 2): 1, (2, 3): 0, (2, 4): 0, (2, 5): 0, (2, 6): 0, (2, 7): 0, (2, 8): 0, (2, 9): 0, (2, 10): 0, (2, 11): 0, (2, 12): 0, (2, 13): 0, (2, 14): 0, (2, 15): 0, (2, 16): 0, (2, 17): 1, (2, 18): 0, (2, 19): 0, (2, 20): 0, (2, 21): 0, (2, 22): 0, (2, 23): 0, (2, 24): 0, (2, 25): 0, (2, 26): 0, (2, 27): 0, (2, 28): 0, (2, 29): 0, (2, 30): 0, (2, 31): 0, (2, 32): 0, (2, 33): 0, (2, 34): 0, (2, 35): 0, (2, 36): 1, (2, 37): 0, (2, 38): 0, (2, 39): 0, (2, 40): 0, (2, 41): 0, (3, 0): 38, (3, 1): 0, (3, 2): 0, (3, 3): 0, (3, 4): 0, (3, 5): 1, (3, 6): 0, (3, 7): 0, (3, 8): 0, (3, 9): 0, (3, 10): 0, (3, 11): 0, (3, 12): 0, (3, 13): 0, (3, 14): 0, (3, 15): 1, (3, 16): 0, (3, 17): 0, (3, 18): 0, (3, 19): 0, (3, 20): 0, (3, 21): 0, (3, 22): 0, (3, 23): 0, (3, 24): 0, (3, 25): 0, (3, 26): 0, (3, 27): 0, (3, 28): 0, (3, 29): 0, (3, 30): 0, (3, 31): 0, (3, 32): 0, (3, 33): 0, (3, 34): 0, (3, 35): 0, (3, 36): 0, (3, 37): 0, (3, 38): 0, (3, 39): 0, (3, 40): 0, (3, 41): 0, (4, 0): 5, (4, 1): 0, (4, 2): 0, (4, 3): 0, (4, 4): 0, (4, 5): 0, (4, 6): 0, (4, 7): 0, (4, 8): 0, (4, 9): 0, (4, 10): 0, (4, 11): 0, (4, 12): 0, (4, 13): 0, (4, 14): 0, (4, 15): 0, (4, 16): 0, (4, 17): 0, (4, 18): 0, (4, 19): 0, (4, 20): 1, (4, 21): 0, (4, 22): 0, (4, 23): 0, (4, 24): 0, (4, 25): 0, (4, 26): 0, (4, 27): 0, (4, 28): 0, (4, 29): 0, (4, 30): 0, (4, 31): 0, (4, 32): 0, (4, 33): 0, (4, 34): 0, (4, 35): 0, (4, 36): 0, (4, 37): 0, (4, 38): 0, (4, 39): 0, (4, 40): 0, (4, 41): 0}
{(0, 0): 1326, (0, 1): 4749, (0, 2): 16841, (0, 3): 1674, (0, 4): 257, (1, 0): 18, (1, 1): 48, (1, 2): 207, (1, 3): 25, (1, 4): 2, (2, 0): 31, (2, 1): 96, (2, 2): 621, (2, 3): 105, (2, 4): 12, (3, 0): 0, (3, 1): 5, (3, 2): 18, (3, 3): 4, (3, 4): 0, (4, 0): 1, (4, 1): 1, (4, 2): 7, (4, 3): 0, (4, 4): 0}
{(0, 0): 22235, (0, 1): 12, (0, 2): 65, (0, 3): 94, (0, 4): 94, (0, 5): 108, (0, 6): 14, (0, 7): 77, (0, 8): 49, (0, 9): 22, (0, 10): 63, (0, 11): 52, (0, 12): 75, (0, 13): 23, (0, 14): 10, (0, 15): 157, (0, 16): 58, (0, 17): 43, (0, 18): 59, (0, 19): 55, (0, 20): 505, (0, 21): 32, (0, 22): 17, (0, 23): 20, (0, 24): 58, (0, 25): 13, (0, 26): 18, (0, 27): 40, (0, 28): 29, (0, 29): 49, (0, 30): 9, (0, 31): 54, (0, 32): 22, (0, 33): 9, (0, 34): 14, (0, 35): 15, (0, 36): 77, (0, 37): 14, (0, 38): 25, (0, 39): 17, (0, 40): 0, (0, 41): 0, (1, 0): 267, (1, 1): 0, (1, 2): 1, (1, 3): 0, (1, 4): 1, (1, 5): 1, (1, 6): 0, (1, 7): 3, (1, 8): 1, (1, 9): 1, (1, 10): 1, (1, 11): 1, (1, 12): 1, (1, 13): 1, (1, 14): 0, (1, 15): 1, (1, 16): 0, (1, 17): 0, (1, 18): 0, (1, 19): 0, (1, 20): 3, (1, 21): 0, (1, 22): 0, (1, 23): 0, (1, 24): 0, (1, 25): 0, (1, 26): 0, (1, 27): 1, (1, 28): 0, (1, 29): 1, (1, 30): 1, (1, 31): 1, (1, 32): 1, (1, 33): 0, (1, 34): 0, (1, 35): 0, (1, 36): 1, (1, 37): 0, (1, 38): 0, (1, 39): 0, (1, 40): 0, (1, 41): 0, (2, 0): 796, (2, 1): 1, (2, 2): 3, (2, 3): 1, (2, 4): 6, (2, 5): 4, (2, 6): 0, (2, 7): 4, (2, 8): 1, (2, 9): 2, (2, 10): 5, (2, 11): 2, (2, 12): 2, (2, 13): 2, (2, 14): 1, (2, 15): 6, (2, 16): 1, (2, 17): 1, (2, 18): 0, (2, 19): 2, (2, 20): 4, (2, 21): 0, (2, 22): 1, (2, 23): 0, (2, 24): 0, (2, 25): 0, (2, 26): 0, (2, 27): 2, (2, 28): 1, (2, 29): 0, (2, 30): 0, (2, 31): 0, (2, 32): 1, (2, 33): 0, (2, 34): 0, (2, 35): 0, (2, 36): 1, (2, 37): 2, (2, 38): 1, (2, 39): 0, (2, 40): 0, (2, 41): 0, (3, 0): 24, (3, 1): 0, (3, 2): 0, (3, 3): 0, (3, 4): 0, (3, 5): 0, (3, 6): 0, (3, 7): 0, (3, 8): 0, (3, 9): 0, (3, 10): 0, (3, 11): 0, (3, 12): 0, (3, 13): 0, (3, 14): 0, (3, 15): 0, (3, 16): 0, (3, 17): 0, (3, 18): 0, (3, 19): 0, (3, 20): 1, (3, 21): 0, (3, 22): 0, (3, 23): 0, (3, 24): 0, (3, 25): 0, (3, 26): 0, (3, 27): 0, (3, 28): 0, (3, 29): 0, (3, 30): 0, (3, 31): 0, (3, 32): 0, (3, 33): 0, (3, 34): 0, (3, 35): 0, (3, 36): 0, (3, 37): 0, (3, 38): 0, (3, 39): 0, (3, 40): 0, (3, 41): 0, (4, 0): 9, (4, 1): 0, (4, 2): 0, (4, 3): 0, (4, 4): 0, (4, 5): 0, (4, 6): 0, (4, 7): 0, (4, 8): 0, (4, 9): 0, (4, 10): 0, (4, 11): 0, (4, 12): 0, (4, 13): 0, (4, 14): 0, (4, 15): 0, (4, 16): 0, (4, 17): 0, (4, 18): 0, (4, 19): 0, (4, 20): 0, (4, 21): 0, (4, 22): 0, (4, 23): 0, (4, 24): 0, (4, 25): 0, (4, 26): 0, (4, 27): 0, (4, 28): 0, (4, 29): 0, (4, 30): 0, (4, 31): 0, (4, 32): 0, (4, 33): 0, (4, 34): 0, (4, 35): 0, (4, 36): 0, (4, 37): 0, (4, 38): 0, (4, 39): 0, (4, 40): 0, (4, 41): 0}
{(0, 0): 1257, (0, 1): 0, (0, 2): 2, (0, 3): 4, (0, 4): 8, (0, 5): 9, (0, 6): 0, (0, 7): 4, (0, 8): 2, (0, 9): 2, (0, 10): 6, (0, 11): 3, (0, 12): 4, (0, 13): 1, (0, 14): 1, (0, 15): 8, (0, 16): 3, (0, 17): 2, (0, 18): 1, (0, 19): 4, (0, 20): 12, (0, 21): 0, (0, 22): 0, (0, 23): 0, (0, 24): 0, (0, 25): 0, (0, 26): 0, (0, 27): 5, (0, 28): 2, (0, 29): 1, (0, 30): 2, (0, 31): 1, (0, 32): 0, (0, 33): 0, (0, 34): 2, (0, 35): 0, (0, 36): 5, (0, 37): 2, (0, 38): 2, (0, 39): 0, (0, 40): 0, (0, 41): 0, (1, 0): 4406, (1, 1): 0, (1, 2): 9, (1, 3): 25, (1, 4): 24, (1, 5): 14, (1, 6): 4, (1, 7): 14, (1, 8): 5, (1, 9): 3, (1, 10): 11, (1, 11): 10, (1, 12): 11, (1, 13): 3, (1, 14): 3, (1, 15): 25, (1, 16): 7, (1, 17): 5, (1, 18): 17, (1, 19): 7, (1, 20): 95, (1, 21): 5, (1, 22): 4, (1, 23): 1, (1, 24): 12, (1, 25): 1, (1, 26): 7, (1, 27): 11, (1, 28): 12, (1, 29): 10, (1, 30): 3, (1, 31): 11, (1, 32): 10, (1, 33): 1, (1, 34): 3, (1, 35): 1, (1, 36): 20, (1, 37): 3, (1, 38): 8, (1, 39): 3, (1, 40): 0, (1, 41): 0, (2, 0): 15812, (2, 1): 13, (2, 2): 52, (2, 3): 62, (2, 4): 56, (2, 5): 79, (2, 6): 9, (2, 7): 57, (2, 8): 35, (2, 9): 13, (2, 10): 38, (2, 11): 40, (2, 12): 58, (2, 13): 18, (2, 14): 6, (2, 15): 120, (2, 16): 44, (2, 17): 34, (2, 18): 38, (2, 19): 42, (2, 20): 373, (2, 21): 26, (2, 22): 13, (2, 23): 16, (2, 24): 42, (2, 25): 12, (2, 26): 10, (2, 27): 22, (2, 28): 15, (2, 29): 38, (2, 30): 3, (2, 31): 42, (2, 32): 14, (2, 33): 7, (2, 34): 6, (2, 35): 11, (2, 36): 54, (2, 37): 10, (2, 38): 15, (2, 39): 13, (2, 40): 0, (2, 41): 0, (3, 0): 1612, (3, 1): 0, (3, 2): 4, (3, 3): 3, (3, 4): 13, (3, 5): 11, (3, 6): 1, (3, 7): 8, (3, 8): 7, (3, 9): 7, (3, 10): 13, (3, 11): 2, (3, 12): 5, (3, 13): 4, (3, 14): 1, (3, 15): 8, (3, 16): 4, (3, 17): 3, (3, 18): 3, (3, 19): 4, (3, 20): 28, (3, 21): 1, (3, 22): 1, (3, 23): 2, (3, 24): 3, (3, 25): 0, (3, 26): 1, (3, 27): 4, (3, 28): 1, (3, 29): 1, (3, 30): 2, (3, 31): 1, (3, 32): 0, (3, 33): 1, (3, 34): 2, (3, 35): 3, (3, 36): 0, (3, 37): 1, (3, 38): 1, (3, 39): 1, (3, 40): 0, (3, 41): 0, (4, 0): 244, (4, 1): 0, (4, 2): 2, (4, 3): 1, (4, 4): 0, (4, 5): 0, (4, 6): 0, (4, 7): 1, (4, 8): 2, (4, 9): 0, (4, 10): 1, (4, 11): 0, (4, 12): 0, (4, 13): 0, (4, 14): 0, (4, 15): 3, (4, 16): 1, (4, 17): 0, (4, 18): 0, (4, 19): 0, (4, 20): 5, (4, 21): 0, (4, 22): 0, (4, 23): 1, (4, 24): 1, (4, 25): 0, (4, 26): 0, (4, 27): 1, (4, 28): 0, (4, 29): 0, (4, 30): 0, (4, 31): 0, (4, 32): 0, (4, 33): 0, (4, 34): 1, (4, 35): 0, (4, 36): 0, (4, 37): 0, (4, 38): 0, (4, 39): 0, (4, 40): 0, (4, 41): 0}
