{(1, 0): 0, (1, 1): 0, (1, 2): 0, (1, 3): 0, (1, 4): 0, (1, 5): 0, (1, 6): 37, (1, 7): 0, (1, 8): 0, (1, 9): 0, (1, 10): 0, (1, 11): 0, (2, 0): 619, (2, 1): 11, (2, 2): 134, (2, 3): 620, (2, 4): 42, (2, 5): 78, (2, 6): 540, (2, 7): 908, (2, 8): 146, (2, 9): 3, (2, 10): 627, (2, 11): 487, (3, 0): 1750, (3, 1): 45, (3, 2): 371, (3, 3): 3422, (3, 4): 254, (3, 5): 451, (3, 6): 170, (3, 7): 3114, (3, 8): 529, (3, 9): 18, (3, 10): 2864, (3, 11): 1434, (4, 0): 1089, (4, 1): 76, (4, 2): 295, (4, 3): 1963, (4, 4): 292, (4, 5): 396, (4, 6): 12, (4, 7): 2336, (4, 8): 325, (4, 9): 84, (4, 10): 1584, (4, 11): 896, (5, 0): 660, (5, 1): 76, (5, 2): 227, (5, 3): 1393, (5, 4): 340, (5, 5): 270, (5, 6): 0, (5, 7): 1304, (5, 8): 217, (5, 9): 815, (5, 10): 934, (5, 11): 473, (6, 0): 57, (6, 1): 17, (6, 2): 13, (6, 3): 142, (6, 4): 72, (6, 5): 18, (6, 6): 0, (6, 7): 76, (6, 8): 25, (6, 9): 478, (6, 10): 65, (6, 11): 14, (7, 0): 2, (7, 1): 5, (7, 2): 0, (7, 3): 11, (7, 4): 6, (7, 5): 1, (7, 6): 0, (7, 7): 3, (7, 8): 4, (7, 9): 312, (7, 10): 4, (7, 11): 0, (8, 0): 0, (8, 1): 1, (8, 2): 0, (8, 3): 2, (8, 4): 8, (8, 5): 1, (8, 6): 0, (8, 7): 0, (8, 8): 0, (8, 9): 94, (8, 10): 0, (8, 11): 0, (9, 0): 0, (9, 1): 0, (9, 2): 0, (9, 3): 0, (9, 4): 0, (9, 5): 0, (9, 6): 0, (9, 7): 0, (9, 8): 0, (9, 9): 6, (9, 10): 0, (9, 11): 0}
{(1, 0): 0, (1, 1): 0, (1, 2): 37, (2, 0): 1122, (2, 1): 84, (2, 2): 3009, (3, 0): 7841, (3, 1): 1205, (3, 2): 5376, (4, 0): 6647, (4, 1): 1371, (4, 2): 1330, (5, 0): 5006, (5, 1): 1258, (5, 2): 445, (6, 0): 790, (6, 1): 149, (6, 2): 38, (7, 0): 263, (7, 1): 76, (7, 2): 9, (8, 0): 73, (8, 1): 31, (8, 2): 2, (9, 0): 4, (9, 1): 2, (9, 2): 0}
{(1, 0): 12, (1, 1): 16, (1, 2): 9, (1, 3): 0, (2, 0): 151, (2, 1): 2574, (2, 2): 291, (2, 3): 1199, (3, 0): 371, (3, 1): 7574, (3, 2): 1418, (3, 3): 5059, (4, 0): 429, (4, 1): 4820, (4, 2): 1760, (4, 3): 2339, (5, 0): 396, (5, 1): 3058, (5, 2): 1581, (5, 3): 1674, (6, 0): 75, (6, 1): 413, (6, 2): 253, (6, 3): 236, (7, 0): 31, (7, 1): 112, (7, 2): 134, (7, 3): 71, (8, 0): 7, (8, 1): 24, (8, 2): 63, (8, 3): 12, (9, 0): 3, (9, 1): 2, (9, 2): 1, (9, 3): 0}
{(1, 0): 37, (1, 1): 0, (2, 0): 4122, (2, 1): 93, (3, 0): 14156, (3, 1): 266, (4, 0): 9155, (4, 1): 193, (5, 0): 6597, (5, 1): 112, (6, 0): 971, (6, 1): 6, (7, 0): 347, (7, 1): 1, (8, 0): 106, (8, 1): 0, (9, 0): 6, (9, 1): 0}
{(1, 0): 33, (1, 1): 4, (1, 2): 0, (1, 3): 0, (1, 4): 0, (2, 0): 3121, (2, 1): 744, (2, 2): 179, (2, 3): 76, (2, 4): 95, (3, 0): 10037, (3, 1): 2744, (3, 2): 818, (3, 3): 353, (3, 4): 470, (4, 0): 6195, (4, 1): 1978, (4, 2): 592, (4, 3): 259, (4, 4): 324, (5, 0): 4071, (5, 1): 1573, (5, 2): 495, (5, 3): 249, (5, 4): 321, (6, 0): 496, (6, 1): 289, (6, 2): 101, (6, 3): 32, (6, 4): 59, (7, 0): 122, (7, 1): 118, (7, 2): 58, (7, 3): 22, (7, 4): 28, (8, 0): 52, (8, 1): 28, (8, 2): 9, (8, 3): 8, (8, 4): 9, (9, 0): 4, (9, 1): 2, (9, 2): 0, (9, 3): 0, (9, 4): 0}
{(1, 0): 37, (1, 1): 0, (2, 0): 1775, (2, 1): 2440, (3, 0): 5316, (3, 1): 9106, (4, 0): 3891, (4, 1): 5457, (5, 0): 3745, (5, 1): 2964, (6, 0): 773, (6, 1): 204, (7, 0): 338, (7, 1): 10, (8, 0): 106, (8, 1): 0, (9, 0): 6, (9, 1): 0}
{(1, 0): 37, (1, 1): 0, (2, 0): 3496, (2, 1): 719, (3, 0): 12168, (3, 1): 2254, (4, 0): 7776, (4, 1): 1572, (5, 0): 5531, (5, 1): 1178, (6, 0): 891, (6, 1): 86, (7, 0): 346, (7, 1): 2, (8, 0): 106, (8, 1): 0, (9, 0): 6, (9, 1): 0}
{(1, 0): 0, (1, 1): 6, (1, 2): 31, (2, 0): 1232, (2, 1): 191, (2, 2): 2792, (3, 0): 4063, (3, 1): 510, (3, 2): 9849, (4, 0): 3005, (4, 1): 572, (4, 2): 5771, (5, 0): 2022, (5, 1): 702, (5, 2): 3985, (6, 0): 153, (6, 1): 165, (6, 2): 659, (7, 0): 0, (7, 1): 128, (7, 2): 220, (8, 0): 0, (8, 1): 65, (8, 2): 41, (9, 0): 0, (9, 1): 2, (9, 2): 4}
{(1, 0): 9, (1, 1): 14, (1, 2): 5, (1, 3): 5, (1, 4): 4, (2, 0): 859, (2, 1): 781, (2, 2): 1032, (2, 3): 547, (2, 4): 996, (3, 0): 2443, (3, 1): 2821, (3, 2): 3258, (3, 3): 3215, (3, 4): 2685, (4, 0): 1633, (4, 1): 1847, (4, 2): 2336, (4, 3): 1750, (4, 4): 1782, (5, 0): 1159, (5, 1): 1302, (5, 2): 1609, (5, 3): 1301, (5, 4): 1338, (6, 0): 222, (6, 1): 204, (6, 2): 246, (6, 3): 134, (6, 4): 171, (7, 0): 50, (7, 1): 94, (7, 2): 87, (7, 3): 54, (7, 4): 63, (8, 0): 16, (8, 1): 28, (8, 2): 26, (8, 3): 11, (8, 4): 25, (9, 0): 2, (9, 1): 0, (9, 2): 0, (9, 3): 3, (9, 4): 1}
{(1, 0): 0, (1, 1): 2, (1, 2): 4, (1, 3): 5, (1, 4): 2, (1, 5): 2, (1, 6): 4, (1, 7): 7, (1, 8): 6, (1, 9): 2, (1, 10): 2, (1, 11): 1, (2, 0): 214, (2, 1): 334, (2, 2): 85, (2, 3): 302, (2, 4): 1667, (2, 5): 439, (2, 6): 778, (2, 7): 147, (2, 8): 86, (2, 9): 78, (2, 10): 52, (2, 11): 33, (3, 0): 407, (3, 1): 814, (3, 2): 110, (3, 3): 1124, (3, 4): 4796, (3, 5): 1406, (3, 6): 1900, (3, 7): 2069, (3, 8): 150, (3, 9): 173, (3, 10): 1425, (3, 11): 48, (4, 0): 241, (4, 1): 490, (4, 2): 57, (4, 3): 486, (4, 4): 2860, (4, 5): 1247, (4, 6): 1517, (4, 7): 1366, (4, 8): 73, (4, 9): 98, (4, 10): 886, (4, 11): 27, (5, 0): 215, (5, 1): 350, (5, 2): 54, (5, 3): 290, (5, 4): 1637, (5, 5): 1010, (5, 6): 1148, (5, 7): 1130, (5, 8): 54, (5, 9): 96, (5, 10): 702, (5, 11): 23, (6, 0): 45, (6, 1): 85, (6, 2): 36, (6, 3): 69, (6, 4): 131, (6, 5): 105, (6, 6): 132, (6, 7): 190, (6, 8): 42, (6, 9): 77, (6, 10): 46, (6, 11): 19, (7, 0): 12, (7, 1): 46, (7, 2): 20, (7, 3): 45, (7, 4): 14, (7, 5): 14, (7, 6): 23, (7, 7): 51, (7, 8): 35, (7, 9): 50, (7, 10): 25, (7, 11): 13, (8, 0): 7, (8, 1): 9, (8, 2): 9, (8, 3): 9, (8, 4): 5, (8, 5): 4, (8, 6): 8, (8, 7): 14, (8, 8): 17, (8, 9): 14, (8, 10): 4, (8, 11): 6, (9, 0): 1, (9, 1): 0, (9, 2): 1, (9, 3): 1, (9, 4): 0, (9, 5): 0, (9, 6): 1, (9, 7): 0, (9, 8): 0, (9, 9): 2, (9, 10): 0, (9, 11): 0}
{(1, 0): 24, (1, 1): 10, (1, 2): 3, (1, 3): 0, (1, 4): 0, (2, 0): 1929, (2, 1): 1363, (2, 2): 506, (2, 3): 208, (2, 4): 209, (3, 0): 7504, (3, 1): 4322, (3, 2): 1345, (3, 3): 618, (3, 4): 633, (4, 0): 5170, (4, 1): 2573, (4, 2): 831, (4, 3): 399, (4, 4): 375, (5, 0): 3750, (5, 1): 1828, (5, 2): 575, (5, 3): 266, (5, 4): 290, (6, 0): 443, (6, 1): 319, (6, 2): 123, (6, 3): 42, (6, 4): 50, (7, 0): 117, (7, 1): 130, (7, 2): 59, (7, 3): 21, (7, 4): 21, (8, 0): 38, (8, 1): 40, (8, 2): 9, (8, 3): 12, (8, 4): 7, (9, 0): 1, (9, 1): 4, (9, 2): 0, (9, 3): 0, (9, 4): 1}
{(1, 0): 37, (1, 1): 0, (1, 2): 0, (1, 3): 0, (1, 4): 0, (2, 0): 4145, (2, 1): 48, (2, 2): 19, (2, 3): 2, (2, 4): 1, (3, 0): 14135, (3, 1): 236, (3, 2): 46, (3, 3): 3, (3, 4): 2, (4, 0): 9167, (4, 1): 160, (4, 2): 16, (4, 3): 4, (4, 4): 1, (5, 0): 6596, (5, 1): 94, (5, 2): 18, (5, 3): 1, (5, 4): 0, (6, 0): 968, (6, 1): 9, (6, 2): 0, (6, 3): 0, (6, 4): 0, (7, 0): 348, (7, 1): 0, (7, 2): 0, (7, 3): 0, (7, 4): 0, (8, 0): 106, (8, 1): 0, (8, 2): 0, (8, 3): 0, (8, 4): 0, (9, 0): 5, (9, 1): 1, (9, 2): 0, (9, 3): 0, (9, 4): 0}
{(1, 0): 10, (1, 1): 27, (2, 0): 797, (2, 1): 3418, (3, 0): 2770, (3, 1): 11652, (4, 0): 1538, (4, 1): 7810, (5, 0): 1028, (5, 1): 5681, (6, 0): 271, (6, 1): 706, (7, 0): 132, (7, 1): 216, (8, 0): 39, (8, 1): 67, (9, 0): 2, (9, 1): 4}
{(1, 0): 27, (1, 1): 10, (2, 0): 3418, (2, 1): 797, (3, 0): 11652, (3, 1): 2770, (4, 0): 7810, (4, 1): 1538, (5, 0): 5681, (5, 1): 1028, (6, 0): 706, (6, 1): 271, (7, 0): 216, (7, 1): 132, (8, 0): 67, (8, 1): 39, (9, 0): 4, (9, 1): 2}
{(1, 0): 27, (1, 1): 3, (1, 2): 2, (1, 3): 5, (2, 0): 3419, (2, 1): 220, (2, 2): 376, (2, 3): 200, (3, 0): 11655, (3, 1): 630, (3, 2): 1713, (3, 3): 424, (4, 0): 7810, (4, 1): 328, (4, 2): 988, (4, 3): 222, (5, 0): 5681, (5, 1): 199, (5, 2): 650, (5, 3): 179, (6, 0): 707, (6, 1): 45, (6, 2): 116, (6, 3): 109, (7, 0): 216, (7, 1): 22, (7, 2): 54, (7, 3): 56, (8, 0): 67, (8, 1): 8, (8, 2): 14, (8, 3): 17, (9, 0): 4, (9, 1): 0, (9, 2): 0, (9, 3): 2}
{(0, 0): 2178, (0, 1): 604, (0, 2): 1395, (1, 0): 166, (1, 1): 14, (1, 2): 51, (2, 0): 588, (2, 1): 131, (2, 2): 321, (3, 0): 4311, (3, 1): 890, (3, 2): 2352, (4, 0): 756, (4, 1): 147, (4, 2): 111, (5, 0): 864, (5, 1): 145, (5, 2): 206, (6, 0): 40, (6, 1): 6, (6, 2): 713, (7, 0): 5527, (7, 1): 603, (7, 2): 1611, (8, 0): 782, (8, 1): 113, (8, 2): 351, (9, 0): 1374, (9, 1): 349, (9, 2): 87, (10, 0): 3225, (10, 1): 755, (10, 2): 2098, (11, 0): 1935, (11, 1): 419, (11, 2): 950}
{(0, 0): 130, (0, 1): 3428, (0, 2): 171, (0, 3): 448, (1, 0): 94, (1, 1): 58, (1, 2): 42, (1, 3): 37, (2, 0): 23, (2, 1): 574, (2, 2): 213, (2, 3): 230, (3, 0): 192, (3, 1): 916, (3, 2): 243, (3, 3): 6202, (4, 0): 38, (4, 1): 322, (4, 2): 510, (4, 3): 144, (5, 0): 58, (5, 1): 441, (5, 2): 156, (5, 3): 560, (6, 0): 131, (6, 1): 421, (6, 2): 33, (6, 3): 174, (7, 0): 373, (7, 1): 4252, (7, 2): 3006, (7, 3): 110, (8, 0): 32, (8, 1): 464, (8, 2): 101, (8, 3): 649, (9, 0): 93, (9, 1): 787, (9, 2): 639, (9, 3): 291, (10, 0): 192, (10, 1): 4163, (10, 2): 126, (10, 3): 1597, (11, 0): 119, (11, 1): 2767, (11, 2): 270, (11, 3): 148}
{(0, 0): 4115, (0, 1): 62, (1, 0): 230, (1, 1): 1, (2, 0): 1013, (2, 1): 27, (3, 0): 7417, (3, 1): 136, (4, 0): 1000, (4, 1): 14, (5, 0): 1169, (5, 1): 46, (6, 0): 756, (6, 1): 3, (7, 0): 7574, (7, 1): 167, (8, 0): 1217, (8, 1): 29, (9, 0): 1786, (9, 1): 24, (10, 0): 5972, (10, 1): 106, (11, 0): 3248, (11, 1): 56}
{(0, 0): 2927, (0, 1): 808, (0, 2): 265, (0, 3): 73, (0, 4): 104, (1, 0): 132, (1, 1): 64, (1, 2): 14, (1, 3): 9, (1, 4): 12, (2, 0): 655, (2, 1): 241, (2, 2): 65, (2, 3): 21, (2, 4): 58, (3, 0): 4640, (3, 1): 1667, (3, 2): 551, (3, 3): 291, (3, 4): 404, (4, 0): 668, (4, 1): 210, (4, 2): 71, (4, 3): 28, (4, 4): 37, (5, 0): 824, (5, 1): 244, (5, 2): 66, (5, 3): 40, (5, 4): 41, (6, 0): 491, (6, 1): 167, (6, 2): 52, (6, 3): 25, (6, 4): 24, (7, 0): 5467, (7, 1): 1496, (7, 2): 404, (7, 3): 181, (7, 4): 193, (8, 0): 801, (8, 1): 280, (8, 2): 72, (8, 3): 33, (8, 4): 60, (9, 0): 960, (9, 1): 512, (9, 2): 179, (9, 3): 63, (9, 4): 96, (10, 0): 4163, (10, 1): 1183, (10, 2): 368, (10, 3): 156, (10, 4): 208, (11, 0): 2403, (11, 1): 608, (11, 2): 145, (11, 3): 79, (11, 4): 69}
{(0, 0): 1618, (0, 1): 2559, (1, 0): 210, (1, 1): 21, (2, 0): 606, (2, 1): 434, (3, 0): 3794, (3, 1): 3759, (4, 0): 686, (4, 1): 328, (5, 0): 492, (5, 1): 723, (6, 0): 553, (6, 1): 206, (7, 0): 2114, (7, 1): 5627, (8, 0): 628, (8, 1): 618, (9, 0): 1416, (9, 1): 394, (10, 0): 2773, (10, 1): 3305, (11, 0): 1097, (11, 1): 2207}
{(0, 0): 3379, (0, 1): 798, (1, 0): 228, (1, 1): 3, (2, 0): 948, (2, 1): 92, (3, 0): 6559, (3, 1): 994, (4, 0): 894, (4, 1): 120, (5, 0): 929, (5, 1): 286, (6, 0): 750, (6, 1): 9, (7, 0): 6394, (7, 1): 1347, (8, 0): 1058, (8, 1): 188, (9, 0): 1567, (9, 1): 243, (10, 0): 5005, (10, 1): 1073, (11, 0): 2646, (11, 1): 658}
{(0, 0): 1226, (0, 1): 236, (0, 2): 2715, (1, 0): 87, (1, 1): 33, (1, 2): 111, (2, 0): 246, (2, 1): 83, (2, 2): 711, (3, 0): 1601, (3, 1): 362, (3, 2): 5590, (4, 0): 279, (4, 1): 124, (4, 2): 611, (5, 0): 377, (5, 1): 70, (5, 2): 768, (6, 0): 120, (6, 1): 85, (6, 2): 554, (7, 0): 3156, (7, 1): 494, (7, 2): 4091, (8, 0): 313, (8, 1): 76, (8, 2): 857, (9, 0): 386, (9, 1): 336, (9, 2): 1088, (10, 0): 1530, (10, 1): 253, (10, 2): 4295, (11, 0): 1154, (11, 1): 189, (11, 2): 1961}
{(0, 0): 790, (0, 1): 831, (0, 2): 1020, (0, 3): 716, (0, 4): 820, (1, 0): 61, (1, 1): 50, (1, 2): 28, (1, 3): 48, (1, 4): 44, (2, 0): 263, (2, 1): 189, (2, 2): 137, (2, 3): 201, (2, 4): 250, (3, 0): 1303, (3, 1): 1413, (3, 2): 1673, (3, 3): 1591, (3, 4): 1573, (4, 0): 162, (4, 1): 221, (4, 2): 245, (4, 3): 193, (4, 4): 193, (5, 0): 201, (5, 1): 232, (5, 2): 318, (5, 3): 286, (5, 4): 178, (6, 0): 179, (6, 1): 151, (6, 2): 156, (6, 3): 117, (6, 4): 156, (7, 0): 1264, (7, 1): 1636, (7, 2): 2141, (7, 3): 1449, (7, 4): 1251, (8, 0): 218, (8, 1): 235, (8, 2): 277, (8, 3): 290, (8, 4): 226, (9, 0): 317, (9, 1): 392, (9, 2): 470, (9, 3): 281, (9, 4): 350, (10, 0): 1039, (10, 1): 1097, (10, 2): 1284, (10, 3): 1243, (10, 4): 1415, (11, 0): 596, (11, 1): 644, (11, 2): 850, (11, 3): 605, (11, 4): 609}
{(0, 0): 149, (0, 1): 239, (0, 2): 65, (0, 3): 341, (0, 4): 1419, (0, 5): 468, (0, 6): 713, (0, 7): 285, (0, 8): 62, (0, 9): 82, (0, 10): 339, (0, 11): 15, (1, 0): 12, (1, 1): 10, (1, 2): 2, (1, 3): 5, (1, 4): 23, (1, 5): 73, (1, 6): 25, (1, 7): 52, (1, 8): 7, (1, 9): 10, (1, 10): 12, (1, 11): 0, (2, 0): 84, (2, 1): 177, (2, 2): 17, (2, 3): 46, (2, 4): 223, (2, 5): 119, (2, 6): 146, (2, 7): 73, (2, 8): 17, (2, 9): 19, (2, 10): 116, (2, 11): 3, (3, 0): 231, (3, 1): 441, (3, 2): 102, (3, 3): 450, (3, 4): 1770, (3, 5): 725, (3, 6): 1059, (3, 7): 1593, (3, 8): 140, (3, 9): 142, (3, 10): 857, (3, 11): 43, (4, 0): 29, (4, 1): 46, (4, 2): 9, (4, 3): 43, (4, 4): 127, (4, 5): 222, (4, 6): 221, (4, 7): 214, (4, 8): 13, (4, 9): 20, (4, 10): 64, (4, 11): 6, (5, 0): 28, (5, 1): 63, (5, 2): 2, (5, 3): 61, (5, 4): 354, (5, 5): 173, (5, 6): 243, (5, 7): 68, (5, 8): 9, (5, 9): 12, (5, 10): 201, (5, 11): 1, (6, 0): 30, (6, 1): 76, (6, 2): 33, (6, 3): 71, (6, 4): 207, (6, 5): 70, (6, 6): 58, (6, 7): 89, (6, 8): 40, (6, 9): 26, (6, 10): 45, (6, 11): 14, (7, 0): 150, (7, 1): 340, (7, 2): 18, (7, 3): 576, (7, 4): 3500, (7, 5): 1022, (7, 6): 1119, (7, 7): 467, (7, 8): 24, (7, 9): 48, (7, 10): 466, (7, 11): 11, (8, 0): 43, (8, 1): 86, (8, 2): 14, (8, 3): 63, (8, 4): 305, (8, 5): 159, (8, 6): 201, (8, 7): 158, (8, 8): 11, (8, 9): 18, (8, 10): 184, (8, 11): 4, (9, 0): 72, (9, 1): 134, (9, 2): 54, (9, 3): 113, (9, 4): 291, (9, 5): 235, (9, 6): 274, (9, 7): 304, (9, 8): 73, (9, 9): 115, (9, 10): 110, (9, 11): 35, (10, 0): 204, (10, 1): 349, (10, 2): 46, (10, 3): 341, (10, 4): 1625, (10, 5): 543, (10, 6): 845, (10, 7): 1457, (10, 8): 51, (10, 9): 81, (10, 10): 510, (10, 11): 26, (11, 0): 110, (11, 1): 169, (11, 2): 14, (11, 3): 221, (11, 4): 1268, (11, 5): 418, (11, 6): 607, (11, 7): 214, (11, 8): 16, (11, 9): 17, (11, 10): 238, (11, 11): 12}
{(0, 0): 2272, (0, 1): 1183, (0, 2): 408, (0, 3): 169, (0, 4): 145, (1, 0): 127, (1, 1): 61, (1, 2): 27, (1, 3): 9, (1, 4): 7, (2, 0): 502, (2, 1): 313, (2, 2): 110, (2, 3): 61, (2, 4): 54, (3, 0): 4083, (3, 1): 2121, (3, 2): 702, (3, 3): 302, (3, 4): 345, (4, 0): 585, (4, 1): 265, (4, 2): 77, (4, 3): 39, (4, 4): 48, (5, 0): 647, (5, 1): 329, (5, 2): 132, (5, 3): 54, (5, 4): 53, (6, 0): 398, (6, 1): 235, (6, 2): 68, (6, 3): 31, (6, 4): 27, (7, 0): 3936, (7, 1): 2339, (7, 2): 746, (7, 3): 360, (7, 4): 360, (8, 0): 646, (8, 1): 365, (8, 2): 117, (8, 3): 55, (8, 4): 63, (9, 0): 815, (9, 1): 589, (9, 2): 213, (9, 3): 102, (9, 4): 91, (10, 0): 3263, (10, 1): 1756, (10, 2): 548, (10, 3): 259, (10, 4): 252, (11, 0): 1702, (11, 1): 1033, (11, 2): 303, (11, 3): 125, (11, 4): 141}
{(0, 0): 4107, (0, 1): 56, (0, 2): 14, (0, 3): 0, (0, 4): 0, (1, 0): 220, (1, 1): 10, (1, 2): 1, (1, 3): 0, (1, 4): 0, (2, 0): 1029, (2, 1): 8, (2, 2): 3, (2, 3): 0, (2, 4): 0, (3, 0): 7408, (3, 1): 122, (3, 2): 18, (3, 3): 3, (3, 4): 2, (4, 0): 997, (4, 1): 14, (4, 2): 2, (4, 3): 1, (4, 4): 0, (5, 0): 1198, (5, 1): 15, (5, 2): 2, (5, 3): 0, (5, 4): 0, (6, 0): 752, (6, 1): 5, (6, 2): 2, (6, 3): 0, (6, 4): 0, (7, 0): 7586, (7, 1): 128, (7, 2): 20, (7, 3): 6, (7, 4): 1, (8, 0): 1220, (8, 1): 22, (8, 2): 4, (8, 3): 0, (8, 4): 0, (9, 0): 1797, (9, 1): 12, (9, 2): 1, (9, 3): 0, (9, 4): 0, (10, 0): 5944, (10, 1): 117, (10, 2): 16, (10, 3): 0, (10, 4): 1, (11, 0): 3249, (11, 1): 39, (11, 2): 16, (11, 3): 0, (11, 4): 0}
{(0, 0): 870, (0, 1): 3307, (1, 0): 27, (1, 1): 204, (2, 0): 170, (2, 1): 870, (3, 0): 1462, (3, 1): 6091, (4, 0): 135, (4, 1): 879, (5, 0): 180, (5, 1): 1035, (6, 0): 223, (6, 1): 536, (7, 0): 1295, (7, 1): 6446, (8, 0): 218, (8, 1): 1028, (9, 0): 402, (9, 1): 1408, (10, 0): 1055, (10, 1): 5023, (11, 0): 550, (11, 1): 2754}
{(0, 0): 3307, (0, 1): 870, (1, 0): 204, (1, 1): 27, (2, 0): 870, (2, 1): 170, (3, 0): 6091, (3, 1): 1462, (4, 0): 879, (4, 1): 135, (5, 0): 1035, (5, 1): 180, (6, 0): 536, (6, 1): 223, (7, 0): 6446, (7, 1): 1295, (8, 0): 1028, (8, 1): 218, (9, 0): 1408, (9, 1): 402, (10, 0): 5023, (10, 1): 1055, (11, 0): 2754, (11, 1): 550}
{(0, 0): 3308, (0, 1): 191, (0, 2): 517, (0, 3): 161, (1, 0): 204, (1, 1): 2, (1, 2): 17, (1, 3): 8, (2, 0): 870, (2, 1): 31, (2, 2): 88, (2, 3): 51, (3, 0): 6093, (3, 1): 315, (3, 2): 832, (3, 3): 313, (4, 0): 879, (4, 1): 25, (4, 2): 82, (4, 3): 28, (5, 0): 1035, (5, 1): 27, (5, 2): 135, (5, 3): 18, (6, 0): 536, (6, 1): 58, (6, 2): 97, (6, 3): 68, (7, 0): 6446, (7, 1): 323, (7, 2): 849, (7, 3): 123, (8, 0): 1028, (8, 1): 48, (8, 2): 131, (8, 3): 39, (9, 0): 1409, (9, 1): 66, (9, 2): 194, (9, 3): 141, (10, 0): 5024, (10, 1): 227, (10, 2): 627, (10, 3): 200, (11, 0): 2754, (11, 1): 142, (11, 2): 344, (11, 3): 64}
{(0, 0): 920, (0, 1): 11006, (0, 2): 4221, (0, 3): 5599, (1, 0): 139, (1, 1): 2245, (1, 2): 616, (1, 3): 1176, (2, 0): 416, (2, 1): 5342, (2, 2): 673, (2, 3): 3815}
{(0, 0): 21376, (0, 1): 370, (1, 0): 4065, (1, 1): 111, (2, 0): 10056, (2, 1): 190}
{(0, 0): 14175, (0, 1): 4655, (0, 2): 1439, (0, 3): 618, (0, 4): 859, (1, 0): 2956, (1, 1): 763, (1, 2): 252, (1, 3): 102, (1, 4): 103, (2, 0): 7000, (2, 1): 2062, (2, 2): 561, (2, 3): 279, (2, 4): 344}
{(0, 0): 9425, (0, 1): 12321, (1, 0): 1845, (1, 1): 2331, (2, 0): 4717, (2, 1): 5529}
{(0, 0): 18019, (0, 1): 3727, (1, 0): 3435, (1, 1): 741, (2, 0): 8903, (2, 1): 1343}
{(0, 0): 6452, (0, 1): 1623, (0, 2): 13671, (1, 0): 1301, (1, 1): 223, (1, 2): 2652, (2, 0): 2722, (2, 1): 495, (2, 2): 7029}
{(0, 0): 3713, (0, 1): 4325, (0, 2): 5191, (0, 3): 4362, (0, 4): 4155, (1, 0): 704, (1, 1): 809, (1, 2): 1078, (1, 3): 777, (1, 4): 808, (2, 0): 1976, (2, 1): 1957, (2, 2): 2330, (2, 3): 1881, (2, 4): 2102}
{(0, 0): 570, (0, 1): 1160, (0, 2): 194, (0, 3): 1362, (0, 4): 6381, (0, 5): 2634, (0, 6): 3478, (0, 7): 3274, (0, 8): 256, (0, 9): 339, (0, 10): 2003, (0, 11): 95, (1, 0): 139, (1, 1): 224, (1, 2): 35, (1, 3): 213, (1, 4): 1343, (1, 5): 527, (1, 6): 711, (1, 7): 473, (1, 8): 42, (1, 9): 65, (1, 10): 387, (1, 11): 17, (2, 0): 433, (2, 1): 746, (2, 2): 147, (2, 3): 756, (2, 4): 3388, (2, 5): 1066, (2, 6): 1322, (2, 7): 1227, (2, 8): 165, (2, 9): 186, (2, 10): 752, (2, 11): 58}
{(0, 0): 11588, (0, 1): 6339, (0, 2): 2032, (0, 3): 903, (0, 4): 884, (1, 0): 2215, (1, 1): 1191, (1, 2): 376, (1, 3): 190, (1, 4): 204, (2, 0): 5173, (2, 1): 3059, (2, 2): 1043, (2, 3): 473, (2, 4): 498}
{(0, 0): 21332, (0, 1): 342, (0, 2): 63, (0, 3): 7, (0, 4): 2, (1, 0): 4115, (1, 1): 52, (1, 2): 9, (1, 3): 0, (1, 4): 0, (2, 0): 10060, (2, 1): 154, (2, 2): 27, (2, 3): 3, (2, 4): 2}
{(0, 0): 3781, (0, 1): 17965, (1, 0): 736, (1, 1): 3440, (2, 0): 2070, (2, 1): 8176}
{(0, 0): 17965, (0, 1): 3781, (1, 0): 3440, (1, 1): 736, (2, 0): 8176, (2, 1): 2070}
{(0, 0): 17968, (0, 1): 778, (0, 2): 2316, (0, 3): 684, (1, 0): 3440, (1, 1): 171, (1, 2): 451, (1, 3): 114, (2, 0): 8178, (2, 1): 506, (2, 2): 1146, (2, 3): 416}
{(0, 0): 1449, (0, 1): 26, (1, 0): 18221, (1, 1): 372, (2, 0): 5401, (2, 1): 109, (3, 0): 10426, (3, 1): 164}
{(0, 0): 934, (0, 1): 330, (0, 2): 101, (0, 3): 49, (0, 4): 61, (1, 0): 12949, (1, 1): 3677, (1, 2): 1032, (1, 3): 424, (1, 4): 511, (2, 0): 3747, (2, 1): 1074, (2, 2): 363, (2, 3): 140, (2, 4): 186, (3, 0): 6501, (3, 1): 2399, (3, 2): 756, (3, 3): 386, (3, 4): 548}
{(0, 0): 814, (0, 1): 661, (1, 0): 7346, (1, 1): 11247, (2, 0): 2357, (2, 1): 3153, (3, 0): 5470, (3, 1): 5120}
{(0, 0): 1364, (0, 1): 111, (1, 0): 15135, (1, 1): 3458, (2, 0): 4685, (2, 1): 825, (3, 0): 9173, (3, 1): 1417}
{(0, 0): 551, (0, 1): 146, (0, 2): 778, (1, 0): 5737, (1, 1): 1118, (1, 2): 11738, (2, 0): 2057, (2, 1): 584, (2, 2): 2869, (3, 0): 2130, (3, 1): 493, (3, 2): 7967}
{(0, 0): 311, (0, 1): 274, (0, 2): 306, (0, 3): 270, (0, 4): 314, (1, 0): 3300, (1, 1): 3622, (1, 2): 4521, (1, 3): 3565, (1, 4): 3585, (2, 0): 892, (2, 1): 1230, (2, 2): 1464, (2, 3): 1000, (2, 4): 924, (3, 0): 1890, (3, 1): 1965, (3, 2): 2308, (3, 3): 2185, (3, 4): 2242}
{(0, 0): 64, (0, 1): 83, (0, 2): 20, (0, 3): 82, (0, 4): 452, (0, 5): 257, (0, 6): 217, (0, 7): 139, (0, 8): 29, (0, 9): 27, (0, 10): 94, (0, 11): 11, (1, 0): 578, (1, 1): 1085, (1, 2): 147, (1, 3): 1246, (1, 4): 6348, (1, 5): 2061, (1, 6): 2943, (1, 7): 2128, (1, 8): 184, (1, 9): 264, (1, 10): 1533, (1, 11): 76, (2, 0): 128, (2, 1): 285, (2, 2): 38, (2, 3): 331, (2, 4): 1913, (2, 5): 887, (2, 6): 874, (2, 7): 545, (2, 8): 56, (2, 9): 76, (2, 10): 358, (2, 11): 19, (3, 0): 372, (3, 1): 677, (3, 2): 171, (3, 3): 672, (3, 4): 2399, (3, 5): 1022, (3, 6): 1477, (3, 7): 2162, (3, 8): 194, (3, 9): 223, (3, 10): 1157, (3, 11): 64}
{(0, 0): 788, (0, 1): 422, (0, 2): 139, (0, 3): 74, (0, 4): 52, (1, 0): 9630, (1, 1): 5526, (1, 2): 1828, (1, 3): 832, (1, 4): 777, (2, 0): 2908, (2, 1): 1633, (2, 2): 478, (2, 3): 229, (2, 4): 262, (3, 0): 5650, (3, 1): 3008, (3, 2): 1006, (3, 3): 431, (3, 4): 495}
{(0, 0): 1438, (0, 1): 26, (0, 2): 9, (0, 3): 1, (0, 4): 1, (1, 0): 18285, (1, 1): 259, (1, 2): 44, (1, 3): 4, (1, 4): 1, (2, 0): 5407, (2, 1): 83, (2, 2): 17, (2, 3): 2, (2, 4): 1, (3, 0): 10377, (3, 1): 180, (3, 2): 29, (3, 3): 3, (3, 4): 1}
{(0, 0): 253, (0, 1): 1222, (1, 0): 3388, (1, 1): 15205, (2, 0): 820, (2, 1): 4690, (3, 0): 2126, (3, 1): 8464}
{(0, 0): 1222, (0, 1): 253, (1, 0): 15205, (1, 1): 3388, (2, 0): 4690, (2, 1): 820, (3, 0): 8464, (3, 1): 2126}
{(0, 0): 1222, (0, 1): 55, (0, 2): 133, (0, 3): 65, (1, 0): 15208, (1, 1): 783, (1, 2): 2055, (1, 3): 547, (2, 0): 4690, (2, 1): 186, (2, 2): 527, (2, 3): 107, (3, 0): 8466, (3, 1): 431, (3, 2): 1198, (3, 3): 495}
{(0, 0): 23476, (0, 1): 7467, (0, 2): 2252, (0, 3): 997, (0, 4): 1305, (1, 0): 655, (1, 1): 13, (1, 2): 0, (1, 3): 2, (1, 4): 1}
{(0, 0): 15679, (0, 1): 19818, (1, 0): 308, (1, 1): 363}
{(0, 0): 29932, (0, 1): 5565, (1, 0): 425, (1, 1): 246}
{(0, 0): 10237, (0, 1): 2318, (0, 2): 22942, (1, 0): 238, (1, 1): 23, (1, 2): 410}
{(0, 0): 6279, (0, 1): 6954, (0, 2): 8460, (0, 3): 6882, (0, 4): 6922, (1, 0): 114, (1, 1): 137, (1, 2): 139, (1, 3): 138, (1, 4): 143}
{(0, 0): 1126, (0, 1): 2101, (0, 2): 376, (0, 3): 2321, (0, 4): 10910, (0, 5): 4137, (0, 6): 5335, (0, 7): 4896, (0, 8): 462, (0, 9): 590, (0, 10): 3073, (0, 11): 170, (1, 0): 16, (1, 1): 29, (1, 2): 0, (1, 3): 10, (1, 4): 202, (1, 5): 90, (1, 6): 176, (1, 7): 78, (1, 8): 1, (1, 9): 0, (1, 10): 69, (1, 11): 0}
{(0, 0): 18614, (0, 1): 10398, (0, 2): 3388, (0, 3): 1530, (0, 4): 1567, (1, 0): 362, (1, 1): 191, (1, 2): 63, (1, 3): 36, (1, 4): 19}
{(0, 0): 34855, (0, 1): 531, (0, 2): 97, (0, 3): 10, (0, 4): 4, (1, 0): 652, (1, 1): 17, (1, 2): 2, (1, 3): 0, (1, 4): 0}
{(0, 0): 6536, (0, 1): 28961, (1, 0): 51, (1, 1): 620}
{(0, 0): 28961, (0, 1): 6536, (1, 0): 620, (1, 1): 51}
{(0, 0): 28966, (0, 1): 1441, (0, 2): 3878, (0, 3): 1212, (1, 0): 620, (1, 1): 14, (1, 2): 35, (1, 3): 2}
{(0, 0): 10127, (0, 1): 14004, (1, 0): 3513, (1, 1): 3967, (2, 0): 1133, (2, 1): 1119, (3, 0): 495, (3, 1): 504, (4, 0): 719, (4, 1): 587}
{(0, 0): 19650, (0, 1): 4481, (1, 0): 6543, (1, 1): 937, (2, 0): 2036, (2, 1): 216, (3, 0): 897, (3, 1): 102, (4, 0): 1231, (4, 1): 75}
{(0, 0): 7309, (0, 1): 1364, (0, 2): 15458, (1, 0): 2013, (1, 1): 585, (1, 2): 4882, (2, 0): 596, (2, 1): 210, (2, 2): 1446, (3, 0): 242, (3, 1): 66, (3, 2): 691, (4, 0): 315, (4, 1): 116, (4, 2): 875}
{(0, 0): 4319, (0, 1): 4947, (0, 2): 5653, (0, 3): 4302, (0, 4): 4910, (1, 0): 1315, (1, 1): 1410, (1, 2): 1875, (1, 3): 1495, (1, 4): 1385, (2, 0): 351, (2, 1): 380, (2, 2): 558, (2, 3): 566, (2, 4): 397, (3, 0): 170, (3, 1): 154, (3, 2): 223, (3, 3): 284, (3, 4): 168, (4, 0): 238, (4, 1): 200, (4, 2): 290, (4, 3): 373, (4, 4): 205}
{(0, 0): 828, (0, 1): 1452, (0, 2): 176, (0, 3): 1432, (0, 4): 8142, (0, 5): 2505, (0, 6): 4122, (0, 7): 3333, (0, 8): 239, (0, 9): 294, (0, 10): 1518, (0, 11): 90, (1, 0): 231, (1, 1): 454, (1, 2): 111, (1, 3): 572, (1, 4): 1958, (1, 5): 1045, (1, 6): 964, (1, 7): 988, (1, 8): 141, (1, 9): 171, (1, 10): 798, (1, 11): 47, (2, 0): 49, (2, 1): 104, (2, 2): 47, (2, 3): 169, (2, 4): 509, (2, 5): 348, (2, 6): 237, (2, 7): 317, (2, 8): 40, (2, 9): 61, (2, 10): 352, (2, 11): 19, (3, 0): 21, (3, 1): 57, (3, 2): 14, (3, 3): 68, (3, 4): 227, (3, 5): 141, (3, 6): 92, (3, 7): 135, (3, 8): 20, (3, 9): 21, (3, 10): 198, (3, 11): 5, (4, 0): 13, (4, 1): 63, (4, 2): 28, (4, 3): 90, (4, 4): 276, (4, 5): 188, (4, 6): 96, (4, 7): 201, (4, 8): 23, (4, 9): 43, (4, 10): 276, (4, 11): 9}
{(0, 0): 12862, (0, 1): 7073, (0, 2): 2217, (0, 3): 1000, (0, 4): 979, (1, 0): 3821, (1, 1): 2198, (1, 2): 754, (1, 3): 339, (1, 4): 368, (2, 0): 1128, (2, 1): 662, (2, 2): 233, (2, 3): 113, (2, 4): 116, (3, 0): 503, (3, 1): 299, (3, 2): 103, (3, 3): 43, (3, 4): 51, (4, 0): 662, (4, 1): 357, (4, 2): 144, (4, 3): 71, (4, 4): 72}
{(0, 0): 23639, (0, 1): 403, (0, 2): 76, (0, 3): 10, (0, 4): 3, (1, 0): 7375, (1, 1): 93, (1, 2): 12, (1, 3): 0, (1, 4): 0, (2, 0): 2228, (2, 1): 19, (2, 2): 5, (2, 3): 0, (2, 4): 0, (3, 0): 977, (3, 1): 19, (3, 2): 3, (3, 3): 0, (3, 4): 0, (4, 0): 1288, (4, 1): 14, (4, 2): 3, (4, 3): 0, (4, 4): 1}
{(0, 0): 3996, (0, 1): 20135, (1, 0): 1619, (1, 1): 5861, (2, 0): 468, (2, 1): 1784, (3, 0): 231, (3, 1): 768, (4, 0): 273, (4, 1): 1033}
{(0, 0): 20135, (0, 1): 3996, (1, 0): 5861, (1, 1): 1619, (2, 0): 1784, (2, 1): 468, (3, 0): 768, (3, 1): 231, (4, 0): 1033, (4, 1): 273}
{(0, 0): 20139, (0, 1): 924, (0, 2): 2456, (0, 3): 612, (1, 0): 5861, (1, 1): 351, (1, 2): 894, (1, 3): 374, (2, 0): 1785, (2, 1): 90, (2, 2): 265, (2, 3): 112, (3, 0): 768, (3, 1): 34, (3, 2): 146, (3, 3): 51, (4, 0): 1033, (4, 1): 56, (4, 2): 152, (4, 3): 65}
{(0, 0): 13687, (0, 1): 2300, (1, 0): 16670, (1, 1): 3511}
{(0, 0): 2915, (0, 1): 1401, (0, 2): 11671, (1, 0): 7560, (1, 1): 940, (1, 2): 11681}
{(0, 0): 2990, (0, 1): 3223, (0, 2): 2957, (0, 3): 3240, (0, 4): 3577, (1, 0): 3403, (1, 1): 3868, (1, 2): 5642, (1, 3): 3780, (1, 4): 3488}
{(0, 0): 722, (0, 1): 1212, (0, 2): 288, (0, 3): 686, (0, 4): 1347, (0, 5): 2465, (0, 6): 2840, (0, 7): 4084, (0, 8): 358, (0, 9): 464, (0, 10): 1381, (0, 11): 140, (1, 0): 420, (1, 1): 918, (1, 2): 88, (1, 3): 1645, (1, 4): 9765, (1, 5): 1762, (1, 6): 2671, (1, 7): 890, (1, 8): 105, (1, 9): 126, (1, 10): 1761, (1, 11): 30}
{(0, 0): 8441, (0, 1): 4626, (0, 2): 1578, (0, 3): 666, (0, 4): 676, (1, 0): 10535, (1, 1): 5963, (1, 2): 1873, (1, 3): 900, (1, 4): 910}
{(0, 0): 15680, (0, 1): 268, (0, 2): 37, (0, 3): 2, (0, 4): 0, (1, 0): 19827, (1, 1): 280, (1, 2): 62, (1, 3): 8, (1, 4): 4}
{(0, 0): 2497, (0, 1): 13490, (1, 0): 4090, (1, 1): 16091}
{(0, 0): 13490, (0, 1): 2497, (1, 0): 16091, (1, 1): 4090}
{(0, 0): 13493, (0, 1): 506, (0, 2): 1152, (0, 3): 836, (1, 0): 16093, (1, 1): 949, (1, 2): 2761, (1, 3): 378}
{(0, 0): 8829, (0, 1): 2012, (0, 2): 19516, (1, 0): 1646, (1, 1): 329, (1, 2): 3836}
{(0, 0): 5431, (0, 1): 5895, (0, 2): 7244, (0, 3): 5895, (0, 4): 5892, (1, 0): 962, (1, 1): 1196, (1, 2): 1355, (1, 3): 1125, (1, 4): 1173}
{(0, 0): 971, (0, 1): 1824, (0, 2): 353, (0, 3): 2056, (0, 4): 9479, (0, 5): 3653, (0, 6): 3813, (0, 7): 4489, (0, 8): 442, (0, 9): 548, (0, 10): 2567, (0, 11): 162, (1, 0): 171, (1, 1): 306, (1, 2): 23, (1, 3): 275, (1, 4): 1633, (1, 5): 574, (1, 6): 1698, (1, 7): 485, (1, 8): 21, (1, 9): 42, (1, 10): 575, (1, 11): 8}
{(0, 0): 15814, (0, 1): 8922, (0, 2): 2950, (0, 3): 1335, (0, 4): 1336, (1, 0): 3162, (1, 1): 1667, (1, 2): 501, (1, 3): 231, (1, 4): 250}
{(0, 0): 29817, (0, 1): 453, (0, 2): 74, (0, 3): 9, (0, 4): 4, (1, 0): 5690, (1, 1): 95, (1, 2): 25, (1, 3): 1, (1, 4): 0}
{(0, 0): 5689, (0, 1): 24668, (1, 0): 898, (1, 1): 4913}
{(0, 0): 24668, (0, 1): 5689, (1, 0): 4913, (1, 1): 898}
{(0, 0): 24671, (0, 1): 1243, (0, 2): 3291, (0, 3): 1152, (1, 0): 4915, (1, 1): 212, (1, 2): 622, (1, 3): 62}
{(0, 0): 2251, (0, 1): 1893, (0, 2): 2189, (0, 3): 2064, (0, 4): 2078, (1, 0): 372, (1, 1): 480, (1, 2): 544, (1, 3): 397, (1, 4): 548, (2, 0): 3770, (2, 1): 4718, (2, 2): 5866, (2, 3): 4559, (2, 4): 4439}
{(0, 0): 8, (0, 1): 11, (0, 2): 4, (0, 3): 6, (0, 4): 6466, (0, 5): 3585, (0, 6): 230, (0, 7): 41, (0, 8): 39, (0, 9): 42, (0, 10): 41, (0, 11): 2, (1, 0): 104, (1, 1): 223, (1, 2): 42, (1, 3): 162, (1, 4): 367, (1, 5): 70, (1, 6): 687, (1, 7): 203, (1, 8): 52, (1, 9): 104, (1, 10): 294, (1, 11): 33, (2, 0): 1030, (2, 1): 1896, (2, 2): 330, (2, 3): 2163, (2, 4): 4279, (2, 5): 572, (2, 6): 4594, (2, 7): 4730, (2, 8): 372, (2, 9): 444, (2, 10): 2807, (2, 11): 135}
{(0, 0): 5582, (0, 1): 3092, (0, 2): 957, (0, 3): 413, (0, 4): 431, (1, 0): 1375, (1, 1): 618, (1, 2): 175, (1, 3): 76, (1, 4): 97, (2, 0): 12019, (2, 1): 6879, (2, 2): 2319, (2, 3): 1077, (2, 4): 1058}
{(0, 0): 10248, (0, 1): 179, (0, 2): 39, (0, 3): 5, (0, 4): 4, (1, 0): 2275, (1, 1): 58, (1, 2): 6, (1, 3): 2, (1, 4): 0, (2, 0): 22984, (2, 1): 311, (2, 2): 54, (2, 3): 3, (2, 4): 0}
{(0, 0): 58, (0, 1): 10417, (1, 0): 518, (1, 1): 1823, (2, 0): 6011, (2, 1): 17341}
{(0, 0): 10417, (0, 1): 58, (1, 0): 1823, (1, 1): 518, (2, 0): 17341, (2, 1): 6011}
{(0, 0): 10417, (0, 1): 21, (0, 2): 26, (0, 3): 11, (1, 0): 1823, (1, 1): 144, (1, 2): 278, (1, 3): 96, (2, 0): 17346, (2, 1): 1290, (2, 2): 3609, (2, 3): 1107}
{(0, 0): 1, (0, 1): 1630, (0, 2): 115, (0, 3): 196, (0, 4): 1432, (0, 5): 1773, (0, 6): 296, (0, 7): 648, (0, 8): 132, (0, 9): 63, (0, 10): 76, (0, 11): 31, (1, 0): 38, (1, 1): 277, (1, 2): 82, (1, 3): 246, (1, 4): 2771, (1, 5): 652, (1, 6): 1347, (1, 7): 1274, (1, 8): 135, (1, 9): 95, (1, 10): 123, (1, 11): 51, (2, 0): 59, (2, 1): 97, (2, 2): 61, (2, 3): 920, (2, 4): 3357, (2, 5): 834, (2, 6): 1123, (2, 7): 790, (2, 8): 98, (2, 9): 129, (2, 10): 1097, (2, 11): 34, (3, 0): 1, (3, 1): 62, (3, 2): 32, (3, 3): 631, (3, 4): 1358, (3, 5): 782, (3, 6): 1089, (3, 7): 1029, (3, 8): 56, (3, 9): 150, (3, 10): 1807, (3, 11): 23, (4, 0): 1043, (4, 1): 64, (4, 2): 86, (4, 3): 338, (4, 4): 2194, (4, 5): 186, (4, 6): 1656, (4, 7): 1233, (4, 8): 42, (4, 9): 153, (4, 10): 39, (4, 11): 31}
{(0, 0): 3214, (0, 1): 2017, (0, 2): 601, (0, 3): 288, (0, 4): 273, (1, 0): 3604, (1, 1): 2176, (1, 2): 714, (1, 3): 274, (1, 4): 323, (2, 0): 4354, (2, 1): 2545, (2, 2): 871, (2, 3): 402, (2, 4): 427, (3, 0): 3788, (3, 1): 1951, (3, 2): 648, (3, 3): 310, (3, 4): 323, (4, 0): 4016, (4, 1): 1900, (4, 2): 617, (4, 3): 292, (4, 4): 240}
{(0, 0): 6350, (0, 1): 36, (0, 2): 7, (0, 3): 0, (0, 4): 0, (1, 0): 7054, (1, 1): 30, (1, 2): 6, (1, 3): 1, (1, 4): 0, (2, 0): 8518, (2, 1): 69, (2, 2): 10, (2, 3): 2, (2, 4): 0, (3, 0): 6877, (3, 1): 116, (3, 2): 21, (3, 3): 2, (3, 4): 4, (4, 0): 6708, (4, 1): 297, (4, 2): 55, (4, 3): 5, (4, 4): 0}
{(0, 0): 1404, (0, 1): 4989, (1, 0): 1385, (1, 1): 5706, (2, 0): 1955, (2, 1): 6644, (3, 0): 953, (3, 1): 6067, (4, 0): 890, (4, 1): 6175}
{(0, 0): 4989, (0, 1): 1404, (1, 0): 5706, (1, 1): 1385, (2, 0): 6644, (2, 1): 1955, (3, 0): 6067, (3, 1): 953, (4, 0): 6175, (4, 1): 890}
{(0, 0): 4990, (0, 1): 332, (0, 2): 823, (0, 3): 248, (1, 0): 5706, (1, 1): 271, (1, 2): 805, (1, 3): 309, (2, 0): 6646, (2, 1): 433, (2, 2): 1239, (2, 3): 281, (3, 0): 6068, (3, 1): 209, (3, 2): 593, (3, 3): 150, (4, 0): 6176, (4, 1): 210, (4, 2): 453, (4, 3): 226}
{(0, 0): 550, (0, 1): 371, (0, 2): 124, (0, 3): 47, (0, 4): 50, (1, 0): 1162, (1, 1): 618, (1, 2): 175, (1, 3): 91, (1, 4): 84, (2, 0): 195, (2, 1): 128, (2, 2): 31, (2, 3): 12, (2, 4): 10, (3, 0): 990, (3, 1): 770, (3, 2): 309, (3, 3): 137, (3, 4): 125, (4, 0): 5565, (4, 1): 3512, (4, 2): 1077, (4, 3): 474, (4, 4): 484, (5, 0): 2399, (5, 1): 1122, (5, 2): 374, (5, 3): 166, (5, 4): 166, (6, 0): 2885, (6, 1): 1513, (6, 2): 560, (6, 3): 260, (6, 4): 293, (7, 0): 2972, (7, 1): 1279, (7, 2): 382, (7, 3): 175, (7, 4): 166, (8, 0): 188, (8, 1): 175, (8, 2): 59, (8, 3): 20, (8, 4): 21, (9, 0): 266, (9, 1): 199, (9, 2): 66, (9, 3): 31, (9, 4): 28, (10, 0): 1743, (10, 1): 842, (10, 2): 265, (10, 3): 145, (10, 4): 147, (11, 0): 61, (11, 1): 60, (11, 2): 29, (11, 3): 8, (11, 4): 12}
{(0, 0): 1142, (0, 1): 0, (0, 2): 0, (0, 3): 0, (0, 4): 0, (1, 0): 2125, (1, 1): 5, (1, 2): 0, (1, 3): 0, (1, 4): 0, (2, 0): 373, (2, 1): 3, (2, 2): 0, (2, 3): 0, (2, 4): 0, (3, 0): 2326, (3, 1): 5, (3, 2): 0, (3, 3): 0, (3, 4): 0, (4, 0): 11025, (4, 1): 72, (4, 2): 9, (4, 3): 3, (4, 4): 3, (5, 0): 4085, (5, 1): 109, (5, 2): 30, (5, 3): 2, (5, 4): 1, (6, 0): 5303, (6, 1): 158, (6, 2): 46, (6, 3): 4, (6, 4): 0, (7, 0): 4765, (7, 1): 194, (7, 2): 14, (7, 3): 1, (7, 4): 0, (8, 0): 462, (8, 1): 1, (8, 2): 0, (8, 3): 0, (8, 4): 0, (9, 0): 590, (9, 1): 0, (9, 2): 0, (9, 3): 0, (9, 4): 0, (10, 0): 3141, (10, 1): 1, (10, 2): 0, (10, 3): 0, (10, 4): 0, (11, 0): 170, (11, 1): 0, (11, 2): 0, (11, 3): 0, (11, 4): 0}
{(0, 0): 409, (0, 1): 733, (1, 0): 759, (1, 1): 1371, (2, 0): 133, (2, 1): 243, (3, 0): 892, (3, 1): 1439, (4, 0): 2003, (4, 1): 9109, (5, 0): 249, (5, 1): 3978, (6, 0): 197, (6, 1): 5314, (7, 0): 435, (7, 1): 4539, (8, 0): 249, (8, 1): 214, (9, 0): 265, (9, 1): 325, (10, 0): 900, (10, 1): 2242, (11, 0): 96, (11, 1): 74}
{(0, 0): 733, (0, 1): 409, (1, 0): 1371, (1, 1): 759, (2, 0): 243, (2, 1): 133, (3, 0): 1439, (3, 1): 892, (4, 0): 9109, (4, 1): 2003, (5, 0): 3978, (5, 1): 249, (6, 0): 5314, (6, 1): 197, (7, 0): 4539, (7, 1): 435, (8, 0): 214, (8, 1): 249, (9, 0): 325, (9, 1): 265, (10, 0): 2242, (10, 1): 900, (11, 0): 74, (11, 1): 96}
{(0, 0): 733, (0, 1): 114, (0, 2): 238, (0, 3): 57, (1, 0): 1371, (1, 1): 204, (1, 2): 438, (1, 3): 117, (2, 0): 243, (2, 1): 33, (2, 2): 56, (2, 3): 44, (3, 0): 1439, (3, 1): 203, (3, 2): 584, (3, 3): 105, (4, 0): 9109, (4, 1): 470, (4, 2): 1342, (4, 3): 191, (5, 0): 3979, (5, 1): 52, (5, 2): 104, (5, 3): 92, (6, 0): 5314, (6, 1): 28, (6, 2): 86, (6, 3): 83, (7, 0): 4540, (7, 1): 71, (7, 2): 193, (7, 3): 170, (8, 0): 214, (8, 1): 46, (8, 2): 97, (8, 3): 106, (9, 0): 328, (9, 1): 50, (9, 2): 109, (9, 3): 103, (10, 0): 2242, (10, 1): 160, (10, 2): 632, (10, 3): 108, (11, 0): 74, (11, 1): 24, (11, 2): 34, (11, 3): 38}
{(0, 0): 18441, (0, 1): 433, (0, 2): 88, (0, 3): 10, (0, 4): 4, (1, 0): 10516, (1, 1): 66, (1, 2): 7, (1, 3): 0, (1, 4): 0, (2, 0): 3428, (2, 1): 22, (2, 2): 1, (2, 3): 0, (2, 4): 0, (3, 0): 1549, (3, 1): 16, (3, 2): 1, (3, 3): 0, (3, 4): 0, (4, 0): 1573, (4, 1): 11, (4, 2): 2, (4, 3): 0, (4, 4): 0}
{(0, 0): 3221, (0, 1): 15755, (1, 0): 2146, (1, 1): 8443, (2, 0): 673, (2, 1): 2778, (3, 0): 289, (3, 1): 1277, (4, 0): 258, (4, 1): 1328}
{(0, 0): 15755, (0, 1): 3221, (1, 0): 8443, (1, 1): 2146, (2, 0): 2778, (2, 1): 673, (3, 0): 1277, (3, 1): 289, (4, 0): 1328, (4, 1): 258}
{(0, 0): 15757, (0, 1): 753, (0, 2): 2086, (0, 3): 380, (1, 0): 8445, (1, 1): 429, (1, 2): 1194, (1, 3): 521, (2, 0): 2778, (2, 1): 145, (2, 2): 359, (2, 3): 169, (3, 0): 1277, (3, 1): 65, (3, 2): 146, (3, 3): 78, (4, 0): 1329, (4, 1): 63, (4, 2): 128, (4, 3): 66}
{(0, 0): 6582, (0, 1): 28925, (1, 0): 5, (1, 1): 543, (2, 0): 0, (2, 1): 99, (3, 0): 0, (3, 1): 10, (4, 0): 0, (4, 1): 4}
{(0, 0): 28925, (0, 1): 6582, (1, 0): 543, (1, 1): 5, (2, 0): 99, (2, 1): 0, (3, 0): 10, (3, 1): 0, (4, 0): 4, (4, 1): 0}
{(0, 0): 28930, (0, 1): 1453, (0, 2): 3910, (0, 3): 1214, (1, 0): 543, (1, 1): 2, (1, 2): 3, (1, 3): 0, (2, 0): 99, (2, 1): 0, (2, 2): 0, (2, 3): 0, (3, 0): 10, (3, 1): 0, (3, 2): 0, (3, 3): 0, (4, 0): 4, (4, 1): 0, (4, 2): 0, (4, 3): 0}
{(0, 0): 0, (0, 1): 6587, (1, 0): 29581, (1, 1): 0}
{(0, 0): 5, (0, 1): 1455, (0, 2): 3913, (0, 3): 1214, (1, 0): 29581, (1, 1): 0, (1, 2): 0, (1, 3): 0}
{(0, 0): 29581, (0, 1): 0, (0, 2): 0, (0, 3): 0, (1, 0): 5, (1, 1): 1455, (1, 2): 3913, (1, 3): 1214}
